VARIANT_NAME,REF,ALT,EFFECT,GENE,IMPACT,FUNCTIONAL_CATEGORY,AMINO_ACID_CHANGE,BIOTYPE,Full.BC,PLOIDY,INDEL,source,cluster,assay
VII-469151-T-C,T,C,NON_SYNONYMOUS_CODING,PDR1,MODERATE,MISSENSE,N1050D,NA,AAACGAACGGTGAACTCTATTTATCGTTCCCAAGCGAATTATATTTTTGAGA,1N,FALSE,CLM,2,hBFA1
VII-469151-T-C,T,C,NON_SYNONYMOUS_CODING,PDR1,MODERATE,MISSENSE,N1050D,NA,AAACGAACGGTGAACTCTATTTATCGTTCCCAAGCGAATTATATTTTTGAGA,1N,FALSE,CLM,2,hBFA1
VII-469151-T-C,T,C,NON_SYNONYMOUS_CODING,PDR1,MODERATE,MISSENSE,N1050D,NA,AAACGAACGGTGAACTCTATTTATCGTTCCCAAGCGAATTATATTTTTGAGA,1N,FALSE,CLM,2,hBFA1
VII-469151-T-C,T,C,NON_SYNONYMOUS_CODING,PDR1,MODERATE,MISSENSE,N1050D,NA,AAACGAACGGTGAACTCTATTTATCGTTCCCAAGCGAATTATATTTTTGAGA,1N,FALSE,CLM,2,hBFA1
VII-469151-T-C,T,C,NON_SYNONYMOUS_CODING,PDR1,MODERATE,MISSENSE,N1050D,NA,AAACGAACGGTGAACTCTATTTATCGTTCCCAAGCGAATTATATTTTTGAGA,1N,FALSE,CLM,2,hBFA1
VII-469151-T-C,T,C,NON_SYNONYMOUS_CODING,PDR1,MODERATE,MISSENSE,N1050D,NA,AAACGAACGGTGAACTCTATTTATCGTTCCCAAGCGAATTATATTTTTGAGA,1N,FALSE,CLM,2,hBFA1
IV-1146549-A-C,A,C,SYNONYMOUS_CODING,MRPS28,LOW,SILENT,T77,NA,AAACGAACGGTGAACTCTATTTATCGTTCCCAAGCGAATTATATTTTTGAGA,1N,FALSE,CLM,2,hBFA1
IV-1146549-A-C,A,C,SYNONYMOUS_CODING,MRPS28,LOW,SILENT,T77,NA,AAACGAACGGTGAACTCTATTTATCGTTCCCAAGCGAATTATATTTTTGAGA,1N,FALSE,CLM,2,hBFA1
IV-1494918-T-A,T,A,NON_SYNONYMOUS_CODING,HLR1,MODERATE,MISSENSE,D111E,NA,AAACGAACGGTGAACTCTATTTATCGTTCCCAAGCGAATTATATTTTTGAGA,1N,FALSE,CLM,2,hBFA1
IV-1494918-T-A,T,A,NON_SYNONYMOUS_CODING,HLR1,MODERATE,MISSENSE,D111E,NA,AAACGAACGGTGAACTCTATTTATCGTTCCCAAGCGAATTATATTTTTGAGA,1N,FALSE,CLM,2,hBFA1
VIII-136942-C-T,C,T,NON_SYNONYMOUS_CODING,YSC84,MODERATE,MISSENSE,G449R,NA,AAACGAACGGTGAACTCTATTTATCGTTCCCAAGCGAATTATATTTTTGAGA,1N,FALSE,CLM,2,hBFA1
VIII-136942-C-T,C,T,NON_SYNONYMOUS_CODING,YSC84,MODERATE,MISSENSE,G449R,NA,AAACGAACGGTGAACTCTATTTATCGTTCCCAAGCGAATTATATTTTTGAGA,1N,FALSE,CLM,2,hBFA1
XV-887679-G-T,G,T,NON_SYNONYMOUS_CODING,ISW2,MODERATE,MISSENSE,V1056L,NA,AAATAAATCCCGAACCGTTTTCGTATTCCTAAACGGAATTTTTTCTTCACCT,1N,FALSE,FLC4,3,hBFA1
III-288937-G-A,G,A,STOP_GAINED,OCA4,HIGH,NONSENSE,Q108*,NA,AAATGAAGCGATAAGTCTATTAATGTGCCGAAACAGGGTTGCGGGTTGGAGG,1N,FALSE,GlyEtOH,1,hBFA1
XV-701119-T-G,T,G,UPSTREAM,THI72,MODIFIER,NA,NA,NA,AAATGAAGCGATAAGTCTATTAATGTGCCGAAACAGGGTTGCGGGTTGGAGG,1N,FALSE,GlyEtOH,1,hBFA1
VII-804846-T-G,T,G,NON_SYNONYMOUS_CODING,CHO2,MODERATE,MISSENSE,L803V,NA,AAATTAACATGTAAGCCAGTTACATATTCCCAAGCGAATTATATTTTTGAGA,1N,FALSE,CLM,1,hBFA1
VII-804846-T-G,T,G,NON_SYNONYMOUS_CODING,CHO2,MODERATE,MISSENSE,L803V,NA,AAATTAACATGTAAGCCAGTTACATATTCCCAAGCGAATTATATTTTTGAGA,1N,FALSE,CLM,1,hBFA1
XV-632896-G-A,G,A,NON_SYNONYMOUS_CODING,PET123,MODERATE,MISSENSE,G245R,NA,AAATTAACATGTAAGCCAGTTACATATTCCCAAGCGAATTATATTTTTGAGA,1N,FALSE,CLM,1,hBFA1
XV-632896-G-A,G,A,NON_SYNONYMOUS_CODING,PET123,MODERATE,MISSENSE,G245R,NA,AAATTAACATGTAAGCCAGTTACATATTCCCAAGCGAATTATATTTTTGAGA,1N,FALSE,CLM,1,hBFA1
I-41062-C-T,C,T,STOP_GAINED,GPB2,HIGH,NONSENSE,Q602*,NA,AACAAAACAGATAAGCCATTTAATGGGGTAAAACCAGATTTGGCATTCACTA,1N,FALSE,GlyEtOH,2,hBFA1
II-218214-C-A,C,A,NON_SYNONYMOUS_CODING,PDR3,MODERATE,MISSENSE,L249I,NA,AACTGAAGATAGAACGGTTTTGATTGTTTGAAAAGAATTTGTCGTTTTTGTC,1N,FALSE,FLC4,4,hBFA1
IV-1230445-C-T,C,T,SYNONYMOUS_CODING,RGA2,LOW,SILENT,S93,NA,AACTGAAGATAGAACGGTTTTGATTGTTTGAAAAGAATTTGTCGTTTTTGTC,1N,FALSE,FLC4,4,hBFA1
VII-471517-G-A,G,A,NON_SYNONYMOUS_CODING,PDR1,MODERATE,MISSENSE,P261L,NA,AAGCTAATTAGAAATCGGTTTCGGACTTCCCAAGCGAATTATATTTTTGAGA,1N,FALSE,CLM,2,hBFA1
VII-471517-G-A,G,A,NON_SYNONYMOUS_CODING,PDR1,MODERATE,MISSENSE,P261L,NA,AAGCTAATTAGAAATCGGTTTCGGACTTCCCAAGCGAATTATATTTTTGAGA,1N,FALSE,CLM,2,hBFA1
VII-471517-G-A,G,A,NON_SYNONYMOUS_CODING,PDR1,MODERATE,MISSENSE,P261L,NA,AAGCTAATTAGAAATCGGTTTCGGACTTCCCAAGCGAATTATATTTTTGAGA,1N,FALSE,CLM,2,hBFA1
VII-471517-G-A,G,A,NON_SYNONYMOUS_CODING,PDR1,MODERATE,MISSENSE,P261L,NA,AAGCTAATTAGAAATCGGTTTCGGACTTCCCAAGCGAATTATATTTTTGAGA,1N,FALSE,CLM,2,hBFA1
VII-471517-G-A,G,A,NON_SYNONYMOUS_CODING,PDR1,MODERATE,MISSENSE,P261L,NA,AAGCTAATTAGAAATCGGTTTCGGACTTCCCAAGCGAATTATATTTTTGAGA,1N,FALSE,CLM,2,hBFA1
VII-471517-G-A,G,A,NON_SYNONYMOUS_CODING,PDR1,MODERATE,MISSENSE,P261L,NA,AAGCTAATTAGAAATCGGTTTCGGACTTCCCAAGCGAATTATATTTTTGAGA,1N,FALSE,CLM,2,hBFA1
VII-471517-G-A,G,A,NON_SYNONYMOUS_CODING,PDR1,MODERATE,MISSENSE,P261L,NA,AAGCTAATTAGAAATCGGTTTCGGACTTCCCAAGCGAATTATATTTTTGAGA,1N,FALSE,CLM,2,hBFA1
VII-471517-G-A,G,A,NON_SYNONYMOUS_CODING,PDR1,MODERATE,MISSENSE,P261L,NA,AAGCTAATTAGAAATCGGTTTCGGACTTCCCAAGCGAATTATATTTTTGAGA,1N,FALSE,CLM,2,hBFA1
VII-471518-G-A,G,A,NON_SYNONYMOUS_CODING,PDR1,MODERATE,MISSENSE,P261S,NA,AAGCTAATTAGAAATCGGTTTCGGACTTCCCAAGCGAATTATATTTTTGAGA,1N,FALSE,CLM,2,hBFA1
VII-471518-G-A,G,A,NON_SYNONYMOUS_CODING,PDR1,MODERATE,MISSENSE,P261S,NA,AAGCTAATTAGAAATCGGTTTCGGACTTCCCAAGCGAATTATATTTTTGAGA,1N,FALSE,CLM,2,hBFA1
VII-471518-G-A,G,A,NON_SYNONYMOUS_CODING,PDR1,MODERATE,MISSENSE,P261S,NA,AAGCTAATTAGAAATCGGTTTCGGACTTCCCAAGCGAATTATATTTTTGAGA,1N,FALSE,CLM,2,hBFA1
VII-471518-G-A,G,A,NON_SYNONYMOUS_CODING,PDR1,MODERATE,MISSENSE,P261S,NA,AAGCTAATTAGAAATCGGTTTCGGACTTCCCAAGCGAATTATATTTTTGAGA,1N,FALSE,CLM,2,hBFA1
VII-471518-G-A,G,A,NON_SYNONYMOUS_CODING,PDR1,MODERATE,MISSENSE,P261S,NA,AAGCTAATTAGAAATCGGTTTCGGACTTCCCAAGCGAATTATATTTTTGAGA,1N,FALSE,CLM,2,hBFA1
VII-471518-G-A,G,A,NON_SYNONYMOUS_CODING,PDR1,MODERATE,MISSENSE,P261S,NA,AAGCTAATTAGAAATCGGTTTCGGACTTCCCAAGCGAATTATATTTTTGAGA,1N,FALSE,CLM,2,hBFA1
VII-471518-G-A,G,A,NON_SYNONYMOUS_CODING,PDR1,MODERATE,MISSENSE,P261S,NA,AAGCTAATTAGAAATCGGTTTCGGACTTCCCAAGCGAATTATATTTTTGAGA,1N,FALSE,CLM,2,hBFA1
VII-471518-G-A,G,A,NON_SYNONYMOUS_CODING,PDR1,MODERATE,MISSENSE,P261S,NA,AAGCTAATTAGAAATCGGTTTCGGACTTCCCAAGCGAATTATATTTTTGAGA,1N,FALSE,CLM,2,hBFA1
VIII-209949-T-G,T,G,NON_SYNONYMOUS_CODING,COX6,MODERATE,MISSENSE,V82G,NA,AAGCTAATTAGAAATCGGTTTCGGACTTCCCAAGCGAATTATATTTTTGAGA,1N,FALSE,CLM,2,hBFA1
VIII-209949-T-G,T,G,NON_SYNONYMOUS_CODING,COX6,MODERATE,MISSENSE,V82G,NA,AAGCTAATTAGAAATCGGTTTCGGACTTCCCAAGCGAATTATATTTTTGAGA,1N,FALSE,CLM,2,hBFA1
VIII-17928-G-C,G,C,DOWNSTREAM,YHL041W,MODIFIER,NA,NA,NA,AAGCTAATTAGAAATCGGTTTCGGACTTCCCAAGCGAATTATATTTTTGAGA,1N,FALSE,CLM,2,hBFA1
VIII-17928-G-C,G,C,DOWNSTREAM,YHL041W,MODIFIER,NA,NA,NA,AAGCTAATTAGAAATCGGTTTCGGACTTCCCAAGCGAATTATATTTTTGAGA,1N,FALSE,CLM,2,hBFA1
X-416044-G-C,G,C,UPSTREAM,RPC17,MODIFIER,NA,NA,NA,AAGCTAATTAGAAATCGGTTTCGGACTTCCCAAGCGAATTATATTTTTGAGA,1N,FALSE,CLM,2,hBFA1
X-416044-G-C,G,C,UPSTREAM,RPC17,MODIFIER,NA,NA,NA,AAGCTAATTAGAAATCGGTTTCGGACTTCCCAAGCGAATTATATTTTTGAGA,1N,FALSE,CLM,2,hBFA1
III-288937-G-A,G,A,STOP_GAINED,OCA4,HIGH,NONSENSE,Q108*,NA,AAGTAAATCAAGAACGTCATTAAGCTGCCGAAACAGGGTTGCGGGTTGGAGG,1N,FALSE,GlyEtOH,1,hBFA1
XIV-283379-G-C,G,C,DOWNSTREAM,YNL190W,MODIFIER,NA,NA,NA,AAGTAAATCAAGAACGTCATTAAGCTGCCGAAACAGGGTTGCGGGTTGGAGG,1N,FALSE,GlyEtOH,1,hBFA1
II-464978-C-A,C,A,NON_SYNONYMOUS_CODING,CYC8,MODERATE,MISSENSE,G265C,NA,ACAGGAATGACCAATTATCTTTAACTTTTGAAAAGAATTTGTCGTTTTTGTC,1N,FALSE,FLC4,6,hBFA1
IV-696751-T-C,T,C,SYNONYMOUS_CODING,KIN1,LOW,SILENT,A684,NA,ACAGGAATGACCAATTATCTTTAACTTTTGAAAAGAATTTGTCGTTTTTGTC,1N,FALSE,FLC4,6,hBFA1
IV-350977-G-C,G,C,SYNONYMOUS_CODING,USO1,LOW,SILENT,S1771,NA,ACAGGAATGACCAATTATCTTTAACTTTTGAAAAGAATTTGTCGTTTTTGTC,1N,FALSE,FLC4,6,hBFA1
VI-269496-G-T,G,T,NON_SYNONYMOUS_CODING,YFR057W,MODERATE,MISSENSE,A146S,NA,ACAGGAATGACCAATTATCTTTAACTTTTGAAAAGAATTTGTCGTTTTTGTC,1N,FALSE,FLC4,6,hBFA1
IX-325548-G-A,G,A,UPSTREAM,YIL014C-A,MODIFIER,NA,NA,NA,ACAGGAATGACCAATTATCTTTAACTTTTGAAAAGAATTTGTCGTTTTTGTC,1N,FALSE,FLC4,6,hBFA1
VII-469695-T-G,T,G,NON_SYNONYMOUS_CODING,PDR1,MODERATE,MISSENSE,L868F,NA,ACCATAACCATTAATAATTTTTGCGCAGCTTAAGCGATTTATCGTTTCATCC,1N,FALSE,CLM,3,hBFA1
VII-469695-T-G,T,G,NON_SYNONYMOUS_CODING,PDR1,MODERATE,MISSENSE,L868F,NA,ACCATAACCATTAATAATTTTTGCGCAGCTTAAGCGATTTATCGTTTCATCC,1N,FALSE,CLM,3,hBFA1
VII-469688-C-A,C,A,NON_SYNONYMOUS_CODING,PDR1,MODERATE,MISSENSE,V871F,NA,ACCGTAATTCGCAAGGCCATTGGTAATAATTAACATCATTTAGTGTTACTGA,1N,FALSE,CLM,4,hBFA1
VII-469688-C-A,C,A,NON_SYNONYMOUS_CODING,PDR1,MODERATE,MISSENSE,V871F,NA,ACCGTAATTCGCAAGGCCATTGGTAATAATTAACATCATTTAGTGTTACTGA,1N,FALSE,CLM,4,hBFA1
VII-469688-C-A,C,A,NON_SYNONYMOUS_CODING,PDR1,MODERATE,MISSENSE,V871F,NA,ACCGTAATTCGCAAGGCCATTGGTAATAATTAACATCATTTAGTGTTACTGA,1N,FALSE,CLM,4,hBFA1
VII-469688-C-A,C,A,NON_SYNONYMOUS_CODING,PDR1,MODERATE,MISSENSE,V871F,NA,ACCGTAATTCGCAAGGCCATTGGTAATAATTAACATCATTTAGTGTTACTGA,1N,FALSE,CLM,4,hBFA1
VII-469688-C-A,C,A,NON_SYNONYMOUS_CODING,PDR1,MODERATE,MISSENSE,V871F,NA,ACCGTAATTCGCAAGGCCATTGGTAATAATTAACATCATTTAGTGTTACTGA,1N,FALSE,CLM,4,hBFA1
VII-469688-C-A,C,A,NON_SYNONYMOUS_CODING,PDR1,MODERATE,MISSENSE,V871F,NA,ACCGTAATTCGCAAGGCCATTGGTAATAATTAACATCATTTAGTGTTACTGA,1N,FALSE,CLM,4,hBFA1
V-116410-G-T,G,T,NON_SYNONYMOUS_CODING,URA3,MODERATE,MISSENSE,A82S,NA,ACCGTAATTCGCAAGGCCATTGGTAATAATTAACATCATTTAGTGTTACTGA,1N,FALSE,CLM,4,hBFA1
V-116410-G-T,G,T,NON_SYNONYMOUS_CODING,URA3,MODERATE,MISSENSE,A82S,NA,ACCGTAATTCGCAAGGCCATTGGTAATAATTAACATCATTTAGTGTTACTGA,1N,FALSE,CLM,4,hBFA1
V-116410-G-T,G,T,NON_SYNONYMOUS_CODING,URA3,MODERATE,MISSENSE,A82S,NA,ACCGTAATTCGCAAGGCCATTGGTAATAATTAACATCATTTAGTGTTACTGA,1N,FALSE,CLM,4,hBFA1
V-116410-G-T,G,T,NON_SYNONYMOUS_CODING,URA3,MODERATE,MISSENSE,A82S,NA,ACCGTAATTCGCAAGGCCATTGGTAATAATTAACATCATTTAGTGTTACTGA,1N,FALSE,CLM,4,hBFA1
V-116410-G-T,G,T,NON_SYNONYMOUS_CODING,URA3,MODERATE,MISSENSE,A82S,NA,ACCGTAATTCGCAAGGCCATTGGTAATAATTAACATCATTTAGTGTTACTGA,1N,FALSE,CLM,4,hBFA1
V-116410-G-T,G,T,NON_SYNONYMOUS_CODING,URA3,MODERATE,MISSENSE,A82S,NA,ACCGTAATTCGCAAGGCCATTGGTAATAATTAACATCATTTAGTGTTACTGA,1N,FALSE,CLM,4,hBFA1
XVI-574421-A-G,A,G,SYNONYMOUS_CODING,HAA1,LOW,SILENT,L468,NA,ACCGTAATTCGCAAGGCCATTGGTAATAATTAACATCATTTAGTGTTACTGA,1N,FALSE,CLM,4,hBFA1
XVI-574421-A-G,A,G,SYNONYMOUS_CODING,HAA1,LOW,SILENT,L468,NA,ACCGTAATTCGCAAGGCCATTGGTAATAATTAACATCATTTAGTGTTACTGA,1N,FALSE,CLM,4,hBFA1
XV-620344-G-A,G,A,NON_SYNONYMOUS_CODING,PDR5,MODERATE,MISSENSE,E169K,NA,ACCTGAAGCCGTAACCCGGTTTCGTGTTTGAAAAGAATTTGTCGTTTTTGTC,1N,FALSE,FLC4,4,hBFA1
XV-620344-G-A,G,A,NON_SYNONYMOUS_CODING,PDR5,MODERATE,MISSENSE,E169K,NA,ACCTGAAGCCGTAACCCGGTTTCGTGTTTGAAAAGAATTTGTCGTTTTTGTC,1N,FALSE,FLC4,4,hBFA1
XV-622207-C-A,C,A,NON_SYNONYMOUS_CODING,PDR5,MODERATE,MISSENSE,L790I,NA,ACCTGAAGCCGTAACCCGGTTTCGTGTTTGAAAAGAATTTGTCGTTTTTGTC,1N,FALSE,FLC4,4,hBFA1
XV-622207-C-A,C,A,NON_SYNONYMOUS_CODING,PDR5,MODERATE,MISSENSE,L790I,NA,ACCTGAAGCCGTAACCCGGTTTCGTGTTTGAAAAGAATTTGTCGTTTTTGTC,1N,FALSE,FLC4,4,hBFA1
XV-620344-G-A,G,A,NON_SYNONYMOUS_CODING,PDR5,MODERATE,MISSENSE,E169K,NA,ACCTGAAGCCGTAACCCGGTTTCGTGTTTGAAAAGAATTTGTCGTTTTTGTC,1N,FALSE,FLC4,4,hBFA1
XV-620344-G-A,G,A,NON_SYNONYMOUS_CODING,PDR5,MODERATE,MISSENSE,E169K,NA,ACCTGAAGCCGTAACCCGGTTTCGTGTTTGAAAAGAATTTGTCGTTTTTGTC,1N,FALSE,FLC4,4,hBFA1
XV-622207-C-A,C,A,NON_SYNONYMOUS_CODING,PDR5,MODERATE,MISSENSE,L790I,NA,ACCTGAAGCCGTAACCCGGTTTCGTGTTTGAAAAGAATTTGTCGTTTTTGTC,1N,FALSE,FLC4,4,hBFA1
XV-622207-C-A,C,A,NON_SYNONYMOUS_CODING,PDR5,MODERATE,MISSENSE,L790I,NA,ACCTGAAGCCGTAACCCGGTTTCGTGTTTGAAAAGAATTTGTCGTTTTTGTC,1N,FALSE,FLC4,4,hBFA1
IV-42699-G-T,G,T,UPSTREAM,PTP1,MODIFIER,NA,NA,NA,ACCTGAAGCCGTAACCCGGTTTCGTGTTTGAAAAGAATTTGTCGTTTTTGTC,1N,FALSE,FLC4,4,hBFA1
IV-42699-G-T,G,T,UPSTREAM,PTP1,MODIFIER,NA,NA,NA,ACCTGAAGCCGTAACCCGGTTTCGTGTTTGAAAAGAATTTGTCGTTTTTGTC,1N,FALSE,FLC4,4,hBFA1
XVI-154286-C-A,C,A,DOWNSTREAM,SRP72,MODIFIER,NA,NA,NA,ACCTGAAGCCGTAACCCGGTTTCGTGTTTGAAAAGAATTTGTCGTTTTTGTC,1N,FALSE,FLC4,4,hBFA1
XVI-154286-C-A,C,A,DOWNSTREAM,SRP72,MODIFIER,NA,NA,NA,ACCTGAAGCCGTAACCCGGTTTCGTGTTTGAAAAGAATTTGTCGTTTTTGTC,1N,FALSE,FLC4,4,hBFA1
XVI-154286-C-A,C,A,DOWNSTREAM,SRP72,MODIFIER,NA,NA,NA,ACCTGAAGCCGTAACCCGGTTTCGTGTTTGAAAAGAATTTGTCGTTTTTGTC,1N,FALSE,FLC4,4,hBFA1
XVI-154286-C-A,C,A,DOWNSTREAM,SRP72,MODIFIER,NA,NA,NA,ACCTGAAGCCGTAACCCGGTTTCGTGTTTGAAAAGAATTTGTCGTTTTTGTC,1N,FALSE,FLC4,4,hBFA1
XV-683899-G-A,G,A,UPSTREAM,TUF1,MODIFIER,NA,NA,NA,ACCTGAAGCCGTAACCCGGTTTCGTGTTTGAAAAGAATTTGTCGTTTTTGTC,1N,FALSE,FLC4,4,hBFA1
XV-683899-G-A,G,A,UPSTREAM,TUF1,MODIFIER,NA,NA,NA,ACCTGAAGCCGTAACCCGGTTTCGTGTTTGAAAAGAATTTGTCGTTTTTGTC,1N,FALSE,FLC4,4,hBFA1
XV-683899-G-A,G,A,UPSTREAM,TUF1,MODIFIER,NA,NA,NA,ACCTGAAGCCGTAACCCGGTTTCGTGTTTGAAAAGAATTTGTCGTTTTTGTC,1N,FALSE,FLC4,4,hBFA1
XV-683899-G-A,G,A,UPSTREAM,TUF1,MODIFIER,NA,NA,NA,ACCTGAAGCCGTAACCCGGTTTCGTGTTTGAAAAGAATTTGTCGTTTTTGTC,1N,FALSE,FLC4,4,hBFA1
V-306839-G-A,G,A,SYNONYMOUS_CODING,RPS24A,LOW,SILENT,L17,NA,ACGAAAACCTTAAATTCGTTTGTTTTTTCCCAAGCGAATTATATTTTTGAGA,1N,FALSE,CLM,2,hBFA1
V-306839-G-A,G,A,SYNONYMOUS_CODING,RPS24A,LOW,SILENT,L17,NA,ACGAAAACCTTAAATTCGTTTGTTTTTTCCCAAGCGAATTATATTTTTGAGA,1N,FALSE,CLM,2,hBFA1
VII-470048-G-T,G,T,NON_SYNONYMOUS_CODING,PDR1,MODERATE,MISSENSE,H751N,NA,ACGAAAACCTTAAATTCGTTTGTTTTTTCCCAAGCGAATTATATTTTTGAGA,1N,FALSE,CLM,2,hBFA1
VII-470048-G-T,G,T,NON_SYNONYMOUS_CODING,PDR1,MODERATE,MISSENSE,H751N,NA,ACGAAAACCTTAAATTCGTTTGTTTTTTCCCAAGCGAATTATATTTTTGAGA,1N,FALSE,CLM,2,hBFA1
XV-374201-C-T,C,T,NON_SYNONYMOUS_CODING,YOR022C,MODERATE,MISSENSE,D553N,NA,ACGAAAACCTTAAATTCGTTTGTTTTTTCCCAAGCGAATTATATTTTTGAGA,1N,FALSE,CLM,2,hBFA1
XV-374201-C-T,C,T,NON_SYNONYMOUS_CODING,YOR022C,MODERATE,MISSENSE,D553N,NA,ACGAAAACCTTAAATTCGTTTGTTTTTTCCCAAGCGAATTATATTTTTGAGA,1N,FALSE,CLM,2,hBFA1
IV-1263490-GTCTT-G,GTCTT,G,FRAME_SHIFT,SXM1,HIGH,NONE,SS58,NA,ACGTAAAGCGTCAAATTAGTTTCTTGTTTGAAAAGAATTTGTCGTTTTTGTC,1N,TRUE,FLC4,7,hBFA1
VII-470046-A-C,A,C,NON_SYNONYMOUS_CODING,PDR1,MODERATE,MISSENSE,H751Q,NA,ACTCTAACGTAAAACCGGTTTCCGGACAACAAAAGCGTTTTTTACTTGTAAT,1N,FALSE,CLM,2,hBFA1
VII-470046-A-C,A,C,NON_SYNONYMOUS_CODING,PDR1,MODERATE,MISSENSE,H751Q,NA,ACTCTAACGTAAAACCGGTTTCCGGACAACAAAAGCGTTTTTTACTTGTAAT,1N,FALSE,CLM,2,hBFA1
VII-470046-A-C,A,C,NON_SYNONYMOUS_CODING,PDR1,MODERATE,MISSENSE,H751Q,NA,ACTCTAACGTAAAACCGGTTTCCGGACAACAAAAGCGTTTTTTACTTGTAAT,1N,FALSE,CLM,2,hBFA1
VII-470046-A-C,A,C,NON_SYNONYMOUS_CODING,PDR1,MODERATE,MISSENSE,H751Q,NA,ACTCTAACGTAAAACCGGTTTCCGGACAACAAAAGCGTTTTTTACTTGTAAT,1N,FALSE,CLM,2,hBFA1
VII-470046-A-C,A,C,NON_SYNONYMOUS_CODING,PDR1,MODERATE,MISSENSE,H751Q,NA,ACTCTAACGTAAAACCGGTTTCCGGACAACAAAAGCGTTTTTTACTTGTAAT,1N,FALSE,CLM,2,hBFA1
VII-470046-A-C,A,C,NON_SYNONYMOUS_CODING,PDR1,MODERATE,MISSENSE,H751Q,NA,ACTCTAACGTAAAACCGGTTTCCGGACAACAAAAGCGTTTTTTACTTGTAAT,1N,FALSE,CLM,2,hBFA1
VII-470046-A-C,A,C,NON_SYNONYMOUS_CODING,PDR1,MODERATE,MISSENSE,H751Q,NA,ACTCTAACGTAAAACCGGTTTCCGGACAACAAAAGCGTTTTTTACTTGTAAT,1N,FALSE,CLM,2,hBFA1
VII-470046-A-C,A,C,NON_SYNONYMOUS_CODING,PDR1,MODERATE,MISSENSE,H751Q,NA,ACTCTAACGTAAAACCGGTTTCCGGACAACAAAAGCGTTTTTTACTTGTAAT,1N,FALSE,CLM,2,hBFA1
VII-470046-A-C,A,C,NON_SYNONYMOUS_CODING,PDR1,MODERATE,MISSENSE,H751Q,NA,ACTCTAACGTAAAACCGGTTTCCGGACAACAAAAGCGTTTTTTACTTGTAAT,1N,FALSE,CLM,2,hBFA1
VII-470046-A-C,A,C,NON_SYNONYMOUS_CODING,PDR1,MODERATE,MISSENSE,H751Q,NA,ACTCTAACGTAAAACCGGTTTCCGGACAACAAAAGCGTTTTTTACTTGTAAT,1N,FALSE,CLM,2,hBFA1
VII-470046-A-C,A,C,NON_SYNONYMOUS_CODING,PDR1,MODERATE,MISSENSE,H751Q,NA,ACTCTAACGTAAAACCGGTTTCCGGACAACAAAAGCGTTTTTTACTTGTAAT,1N,FALSE,CLM,2,hBFA1
VII-470046-A-C,A,C,NON_SYNONYMOUS_CODING,PDR1,MODERATE,MISSENSE,H751Q,NA,ACTCTAACGTAAAACCGGTTTCCGGACAACAAAAGCGTTTTTTACTTGTAAT,1N,FALSE,CLM,2,hBFA1
VII-470046-A-C,A,C,NON_SYNONYMOUS_CODING,PDR1,MODERATE,MISSENSE,H751Q,NA,ACTCTAACGTAAAACCGGTTTCCGGACAACAAAAGCGTTTTTTACTTGTAAT,1N,FALSE,CLM,2,hBFA1
VII-470046-A-C,A,C,NON_SYNONYMOUS_CODING,PDR1,MODERATE,MISSENSE,H751Q,NA,ACTCTAACGTAAAACCGGTTTCCGGACAACAAAAGCGTTTTTTACTTGTAAT,1N,FALSE,CLM,2,hBFA1
VII-470046-A-C,A,C,NON_SYNONYMOUS_CODING,PDR1,MODERATE,MISSENSE,H751Q,NA,ACTCTAACGTAAAACCGGTTTCCGGACAACAAAAGCGTTTTTTACTTGTAAT,1N,FALSE,CLM,2,hBFA1
VII-470046-A-C,A,C,NON_SYNONYMOUS_CODING,PDR1,MODERATE,MISSENSE,H751Q,NA,ACTCTAACGTAAAACCGGTTTCCGGACAACAAAAGCGTTTTTTACTTGTAAT,1N,FALSE,CLM,2,hBFA1
VIII-365370-A-ATCG,A,ATCG,CODON_CHANGE_PLUS_CODON_INSERTION,YHR131C,MODERATE,NONE,D841DD,NA,ACTCTAACGTAAAACCGGTTTCCGGACAACAAAAGCGTTTTTTACTTGTAAT,1N,TRUE,CLM,2,hBFA1
VIII-365370-A-ATCG,A,ATCG,CODON_CHANGE_PLUS_CODON_INSERTION,YHR131C,MODERATE,NONE,D841DD,NA,ACTCTAACGTAAAACCGGTTTCCGGACAACAAAAGCGTTTTTTACTTGTAAT,1N,TRUE,CLM,2,hBFA1
VIII-365370-A-ATCG,A,ATCG,CODON_CHANGE_PLUS_CODON_INSERTION,YHR131C,MODERATE,NONE,D841DD,NA,ACTCTAACGTAAAACCGGTTTCCGGACAACAAAAGCGTTTTTTACTTGTAAT,1N,TRUE,CLM,2,hBFA1
VIII-365370-A-ATCG,A,ATCG,CODON_CHANGE_PLUS_CODON_INSERTION,YHR131C,MODERATE,NONE,D841DD,NA,ACTCTAACGTAAAACCGGTTTCCGGACAACAAAAGCGTTTTTTACTTGTAAT,1N,TRUE,CLM,2,hBFA1
II-518553-T-C,T,C,SYNONYMOUS_CODING,IRA1,LOW,SILENT,K2692,NA,ACTCTAACGTAAAACCGGTTTCCGGACAACAAAAGCGTTTTTTACTTGTAAT,1N,FALSE,CLM,2,hBFA1
II-518553-T-C,T,C,SYNONYMOUS_CODING,IRA1,LOW,SILENT,K2692,NA,ACTCTAACGTAAAACCGGTTTCCGGACAACAAAAGCGTTTTTTACTTGTAAT,1N,FALSE,CLM,2,hBFA1
VII-3139-A-C,A,C,NON_SYNONYMOUS_CODING,COS12,MODERATE,MISSENSE,E117A,NA,ACTCTAACGTAAAACCGGTTTCCGGACAACAAAAGCGTTTTTTACTTGTAAT,1N,FALSE,CLM,2,hBFA1
VII-3139-A-C,A,C,NON_SYNONYMOUS_CODING,COS12,MODERATE,MISSENSE,E117A,NA,ACTCTAACGTAAAACCGGTTTCCGGACAACAAAAGCGTTTTTTACTTGTAAT,1N,FALSE,CLM,2,hBFA1
XII-293297-G-A,G,A,SYNONYMOUS_CODING,SRL2,LOW,SILENT,L92,NA,ACTCTAACGTAAAACCGGTTTCCGGACAACAAAAGCGTTTTTTACTTGTAAT,1N,FALSE,CLM,2,hBFA1
XII-293297-G-A,G,A,SYNONYMOUS_CODING,SRL2,LOW,SILENT,L92,NA,ACTCTAACGTAAAACCGGTTTCCGGACAACAAAAGCGTTTTTTACTTGTAAT,1N,FALSE,CLM,2,hBFA1
XIII-924072-A-G,A,G,UPSTREAM,YMR326C,MODIFIER,NA,NA,NA,ACTCTAACGTAAAACCGGTTTCCGGACAACAAAAGCGTTTTTTACTTGTAAT,1N,FALSE,CLM,2,hBFA1
XIII-924072-A-G,A,G,UPSTREAM,YMR326C,MODIFIER,NA,NA,NA,ACTCTAACGTAAAACCGGTTTCCGGACAACAAAAGCGTTTTTTACTTGTAAT,1N,FALSE,CLM,2,hBFA1
XIII-924074-G-T,G,T,UPSTREAM,YMR326C,MODIFIER,NA,NA,NA,ACTCTAACGTAAAACCGGTTTCCGGACAACAAAAGCGTTTTTTACTTGTAAT,1N,FALSE,CLM,2,hBFA1
XIII-924074-G-T,G,T,UPSTREAM,YMR326C,MODIFIER,NA,NA,NA,ACTCTAACGTAAAACCGGTTTCCGGACAACAAAAGCGTTTTTTACTTGTAAT,1N,FALSE,CLM,2,hBFA1
XIII-924087-AG-A,AG,A,UPSTREAM,YMR326C,MODIFIER,NA,NA,NA,ACTCTAACGTAAAACCGGTTTCCGGACAACAAAAGCGTTTTTTACTTGTAAT,1N,TRUE,CLM,2,hBFA1
XIII-924087-AG-A,AG,A,UPSTREAM,YMR326C,MODIFIER,NA,NA,NA,ACTCTAACGTAAAACCGGTTTCCGGACAACAAAAGCGTTTTTTACTTGTAAT,1N,TRUE,CLM,2,hBFA1
XIII-924224-C-G,C,G,UPSTREAM,YMR326C,MODIFIER,NA,NA,NA,ACTCTAACGTAAAACCGGTTTCCGGACAACAAAAGCGTTTTTTACTTGTAAT,1N,FALSE,CLM,2,hBFA1
XIII-924224-C-G,C,G,UPSTREAM,YMR326C,MODIFIER,NA,NA,NA,ACTCTAACGTAAAACCGGTTTCCGGACAACAAAAGCGTTTTTTACTTGTAAT,1N,FALSE,CLM,2,hBFA1
XIII-924132-G-GATGGGCGGTGGATGGTAGTAGCT.,G,GATGGGCGGTGGATGGTAGTAGCT.,UPSTREAM,YMR326C,MODIFIER,NA,NA,NA,ACTCTAACGTAAAACCGGTTTCCGGACAACAAAAGCGTTTTTTACTTGTAAT,1N,TRUE,CLM,2,hBFA1
XIII-924132-G-GATGGGCGGTGGATGGTAGTAGCT.,G,GATGGGCGGTGGATGGTAGTAGCT.,UPSTREAM,YMR326C,MODIFIER,NA,NA,NA,ACTCTAACGTAAAACCGGTTTCCGGACAACAAAAGCGTTTTTTACTTGTAAT,1N,TRUE,CLM,2,hBFA1
IV-1286748-G-A,G,A,SYNONYMOUS_CODING,TRS120,LOW,SILENT,A397,NA,AGAATAAGCGTAAAAGAGATTTTACCGTACGAAGCGGGTTGAGGATTGGGGG,1N,FALSE,GlyEtOH,4,hBFA1
XIV-96286-G-T,G,T,NON_SYNONYMOUS_CODING,YNL285W,MODERATE,MISSENSE,W38C,NA,AGAATAAGCGTAAAAGAGATTTTACCGTACGAAGCGGGTTGAGGATTGGGGG,1N,FALSE,GlyEtOH,4,hBFA1
XVI-532341-T-C,T,C,SYNONYMOUS_CODING,RRP12,LOW,SILENT,P873,NA,AGAATAAGCGTAAAAGAGATTTTACCGTACGAAGCGGGTTGAGGATTGGGGG,1N,FALSE,GlyEtOH,4,hBFA1
II-362709-G-T,G,T,UPSTREAM,ORC2,MODIFIER,NA,NA,NA,AGAATAAGCGTAAAAGAGATTTTACCGTACGAAGCGGGTTGAGGATTGGGGG,1N,FALSE,GlyEtOH,4,hBFA1
I-41062-C-T,C,T,STOP_GAINED,GPB2,HIGH,NONSENSE,Q602*,NA,AGAGAAAGCTCAAACGGTTTTTGTGTGGTAAAACCAGATTTGGCATTCACTA,1N,FALSE,GlyEtOH,2,hBFA1
I-41062-C-T,C,T,STOP_GAINED,GPB2,HIGH,NONSENSE,Q602*,NA,AGAGAAAGCTCAAACGGTTTTTGTGTGGTAAAACCAGATTTGGCATTCACTA,1N,FALSE,GlyEtOH,2,hBFA1
X-149249-C-T,C,T,NON_SYNONYMOUS_CODING,YAK1,MODERATE,MISSENSE,G381D,NA,AGAGCAAACAAGAAGAATCTTAGATTAGGAGAACGGGGTTGGGGGTTGGGGG,1N,FALSE,GlyEtOH,5,hBFA1
V-492241-C-T,C,T,UPSTREAM,BUR6,MODIFIER,NA,NA,NA,AGAGCAAACAAGAAGAATCTTAGATTAGGAGAACGGGGTTGGGGGTTGGGGG,1N,FALSE,GlyEtOH,5,hBFA1
XII-547450-T-G,T,G,NON_SYNONYMOUS_CODING,NOP56,MODERATE,MISSENSE,S452A,NA,AGCAGAAATCTAAAGTATCTTGACTTTTCCCAAGCGAATTATATTTTTGAGA,1N,FALSE,CLM,2,hBFA1
VII-469858-G-T,G,T,NON_SYNONYMOUS_CODING,PDR1,MODERATE,MISSENSE,S814Y,NA,AGCAGAAATCTAAAGTATCTTGACTTTTCCCAAGCGAATTATATTTTTGAGA,1N,FALSE,CLM,2,hBFA1
VII-470040-A-AGAATAATGGGCGAACGAACGGTATACG,A,AGAATAATGGGCGAACGAACGGTATACG,CODON_CHANGE_PLUS_CODON_INSERTION,PDR1,MODERATE,NONE,S753SVYRSFAHYS,NA,AGCTAAAAGTGTAAGCGTGTTAGAACTACAAAACACGTTTTCGGCTTAGCAA,1N,TRUE,CLM,2,hBFA1
VII-470040-A-AGAATAATGGGCGAACGAACGGTATACG,A,AGAATAATGGGCGAACGAACGGTATACG,CODON_CHANGE_PLUS_CODON_INSERTION,PDR1,MODERATE,NONE,S753SVYRSFAHYS,NA,AGCTAAAAGTGTAAGCGTGTTAGAACTACAAAACACGTTTTCGGCTTAGCAA,1N,TRUE,CLM,2,hBFA1
XIV-514378-G-C,G,C,SYNONYMOUS_CODING,ARP5,LOW,SILENT,V186,NA,AGCTAAAAGTGTAAGCGTGTTAGAACTACAAAACACGTTTTCGGCTTAGCAA,1N,FALSE,CLM,2,hBFA1
XIV-514378-G-C,G,C,SYNONYMOUS_CODING,ARP5,LOW,SILENT,V186,NA,AGCTAAAAGTGTAAGCGTGTTAGAACTACAAAACACGTTTTCGGCTTAGCAA,1N,FALSE,CLM,2,hBFA1
V-517533-TAAGCCTTAGAAGCCTTAG-T,TAAGCCTTAGAAGCCTTAG,T,DOWNSTREAM,DNF1,MODIFIER,NA,NA,NA,AGCTGAAATAGTAACTCGTTTATGTATACAAAACACGTTTTCGGCTTAGCAA,1N,TRUE,CLM,5,hBFA1
V-517533-TAAGCCTTAGAAGCCTTAG-T,TAAGCCTTAGAAGCCTTAG,T,DOWNSTREAM,DNF1,MODIFIER,NA,NA,NA,AGCTGAAATAGTAACTCGTTTATGTATACAAAACACGTTTTCGGCTTAGCAA,1N,TRUE,CLM,5,hBFA1
VII-469713-G-C,G,C,NON_SYNONYMOUS_CODING,PDR1,MODERATE,MISSENSE,C862W,NA,AGCTGAAATAGTAACTCGTTTATGTATACAAAACACGTTTTCGGCTTAGCAA,1N,FALSE,CLM,5,hBFA1
VII-469713-G-C,G,C,NON_SYNONYMOUS_CODING,PDR1,MODERATE,MISSENSE,C862W,NA,AGCTGAAATAGTAACTCGTTTATGTATACAAAACACGTTTTCGGCTTAGCAA,1N,FALSE,CLM,5,hBFA1
VII-470132-G-T,G,T,NON_SYNONYMOUS_CODING,PDR1,MODERATE,MISSENSE,H723N,NA,AGGAAAATGGCTAATTGTCTTAATGGTTCCCAAGCGAATTATATTTTTGAGA,1N,FALSE,CLM,4,hBFA1
VII-470132-G-T,G,T,NON_SYNONYMOUS_CODING,PDR1,MODERATE,MISSENSE,H723N,NA,AGGAAAATGGCTAATTGTCTTAATGGTTCCCAAGCGAATTATATTTTTGAGA,1N,FALSE,CLM,4,hBFA1
VII-470132-G-T,G,T,NON_SYNONYMOUS_CODING,PDR1,MODERATE,MISSENSE,H723N,NA,AGGAAAATGGCTAATTGTCTTAATGGTTCCCAAGCGAATTATATTTTTGAGA,1N,FALSE,CLM,4,hBFA1
VII-470132-G-T,G,T,NON_SYNONYMOUS_CODING,PDR1,MODERATE,MISSENSE,H723N,NA,AGGAAAATGGCTAATTGTCTTAATGGTTCCCAAGCGAATTATATTTTTGAGA,1N,FALSE,CLM,4,hBFA1
VII-470132-G-T,G,T,NON_SYNONYMOUS_CODING,PDR1,MODERATE,MISSENSE,H723N,NA,AGGAAAATGGCTAATTGTCTTAATGGTTCCCAAGCGAATTATATTTTTGAGA,1N,FALSE,CLM,4,hBFA1
VII-470132-G-T,G,T,NON_SYNONYMOUS_CODING,PDR1,MODERATE,MISSENSE,H723N,NA,AGGAAAATGGCTAATTGTCTTAATGGTTCCCAAGCGAATTATATTTTTGAGA,1N,FALSE,CLM,4,hBFA1
VII-470132-G-T,G,T,NON_SYNONYMOUS_CODING,PDR1,MODERATE,MISSENSE,H723N,NA,AGGAAAATGGCTAATTGTCTTAATGGTTCCCAAGCGAATTATATTTTTGAGA,1N,FALSE,CLM,4,hBFA1
VII-470132-G-T,G,T,NON_SYNONYMOUS_CODING,PDR1,MODERATE,MISSENSE,H723N,NA,AGGAAAATGGCTAATTGTCTTAATGGTTCCCAAGCGAATTATATTTTTGAGA,1N,FALSE,CLM,4,hBFA1
VII-470132-G-T,G,T,NON_SYNONYMOUS_CODING,PDR1,MODERATE,MISSENSE,H723N,NA,AGGAAAATGGCTAATTGTCTTAATGGTTCCCAAGCGAATTATATTTTTGAGA,1N,FALSE,CLM,4,hBFA1
VII-470132-G-T,G,T,NON_SYNONYMOUS_CODING,PDR1,MODERATE,MISSENSE,H723N,NA,AGGAAAATGGCTAATTGTCTTAATGGTTCCCAAGCGAATTATATTTTTGAGA,1N,FALSE,CLM,4,hBFA1
VII-470132-G-T,G,T,NON_SYNONYMOUS_CODING,PDR1,MODERATE,MISSENSE,H723N,NA,AGGAAAATGGCTAATTGTCTTAATGGTTCCCAAGCGAATTATATTTTTGAGA,1N,FALSE,CLM,4,hBFA1
VII-470132-G-T,G,T,NON_SYNONYMOUS_CODING,PDR1,MODERATE,MISSENSE,H723N,NA,AGGAAAATGGCTAATTGTCTTAATGGTTCCCAAGCGAATTATATTTTTGAGA,1N,FALSE,CLM,4,hBFA1
VII-470132-G-T,G,T,NON_SYNONYMOUS_CODING,PDR1,MODERATE,MISSENSE,H723N,NA,AGGAAAATGGCTAATTGTCTTAATGGTTCCCAAGCGAATTATATTTTTGAGA,1N,FALSE,CLM,4,hBFA1
VII-470132-G-T,G,T,NON_SYNONYMOUS_CODING,PDR1,MODERATE,MISSENSE,H723N,NA,AGGAAAATGGCTAATTGTCTTAATGGTTCCCAAGCGAATTATATTTTTGAGA,1N,FALSE,CLM,4,hBFA1
VII-470132-G-T,G,T,NON_SYNONYMOUS_CODING,PDR1,MODERATE,MISSENSE,H723N,NA,AGGAAAATGGCTAATTGTCTTAATGGTTCCCAAGCGAATTATATTTTTGAGA,1N,FALSE,CLM,4,hBFA1
VII-470132-G-T,G,T,NON_SYNONYMOUS_CODING,PDR1,MODERATE,MISSENSE,H723N,NA,AGGAAAATGGCTAATTGTCTTAATGGTTCCCAAGCGAATTATATTTTTGAGA,1N,FALSE,CLM,4,hBFA1
VII-470132-G-T,G,T,NON_SYNONYMOUS_CODING,PDR1,MODERATE,MISSENSE,H723N,NA,AGGAAAATGGCTAATTGTCTTAATGGTTCCCAAGCGAATTATATTTTTGAGA,1N,FALSE,CLM,4,hBFA1
VII-470132-G-T,G,T,NON_SYNONYMOUS_CODING,PDR1,MODERATE,MISSENSE,H723N,NA,AGGAAAATGGCTAATTGTCTTAATGGTTCCCAAGCGAATTATATTTTTGAGA,1N,FALSE,CLM,4,hBFA1
VII-470132-G-T,G,T,NON_SYNONYMOUS_CODING,PDR1,MODERATE,MISSENSE,H723N,NA,AGGAAAATGGCTAATTGTCTTAATGGTTCCCAAGCGAATTATATTTTTGAGA,1N,FALSE,CLM,4,hBFA1
VII-470132-G-T,G,T,NON_SYNONYMOUS_CODING,PDR1,MODERATE,MISSENSE,H723N,NA,AGGAAAATGGCTAATTGTCTTAATGGTTCCCAAGCGAATTATATTTTTGAGA,1N,FALSE,CLM,4,hBFA1
VII-367902-T-G,T,G,NON_SYNONYMOUS_CODING,MPS2,MODERATE,MISSENSE,K63Q,NA,AGGAAAATGGCTAATTGTCTTAATGGTTCCCAAGCGAATTATATTTTTGAGA,1N,FALSE,CLM,4,hBFA1
VII-367902-T-G,T,G,NON_SYNONYMOUS_CODING,MPS2,MODERATE,MISSENSE,K63Q,NA,AGGAAAATGGCTAATTGTCTTAATGGTTCCCAAGCGAATTATATTTTTGAGA,1N,FALSE,CLM,4,hBFA1
VII-585355-G-C,G,C,NON_SYNONYMOUS_CODING,TAM41,MODERATE,MISSENSE,G154A,NA,AGGAAAATGGCTAATTGTCTTAATGGTTCCCAAGCGAATTATATTTTTGAGA,1N,FALSE,CLM,4,hBFA1
VII-585355-G-C,G,C,NON_SYNONYMOUS_CODING,TAM41,MODERATE,MISSENSE,G154A,NA,AGGAAAATGGCTAATTGTCTTAATGGTTCCCAAGCGAATTATATTTTTGAGA,1N,FALSE,CLM,4,hBFA1
II-533108-G-C,G,C,DOWNSTREAM,YBR144C,MODIFIER,NA,NA,NA,AGGAAAATGGCTAATTGTCTTAATGGTTCCCAAGCGAATTATATTTTTGAGA,1N,FALSE,CLM,4,hBFA1
II-533108-G-C,G,C,DOWNSTREAM,YBR144C,MODIFIER,NA,NA,NA,AGGAAAATGGCTAATTGTCTTAATGGTTCCCAAGCGAATTATATTTTTGAGA,1N,FALSE,CLM,4,hBFA1
IV-722408-T-G,T,G,DOWNSTREAM,YCF1,MODIFIER,NA,NA,NA,AGGAAAATGGCTAATTGTCTTAATGGTTCCCAAGCGAATTATATTTTTGAGA,1N,FALSE,CLM,4,hBFA1
IV-722408-T-G,T,G,DOWNSTREAM,YCF1,MODIFIER,NA,NA,NA,AGGAAAATGGCTAATTGTCTTAATGGTTCCCAAGCGAATTATATTTTTGAGA,1N,FALSE,CLM,4,hBFA1
XVI-26241-A-C,A,C,DOWNSTREAM,SAM4,MODIFIER,NA,NA,NA,AGGAAAATGGCTAATTGTCTTAATGGTTCCCAAGCGAATTATATTTTTGAGA,1N,FALSE,CLM,4,hBFA1
XVI-26241-A-C,A,C,DOWNSTREAM,SAM4,MODIFIER,NA,NA,NA,AGGAAAATGGCTAATTGTCTTAATGGTTCCCAAGCGAATTATATTTTTGAGA,1N,FALSE,CLM,4,hBFA1
III-288937-G-A,G,A,STOP_GAINED,OCA4,HIGH,NONSENSE,Q108*,NA,AGGGGAAGTGGTAAGTTCGTTGGAGCGCCGAAACAGGGTTGCGGGTTGGAGG,1N,FALSE,GlyEtOH,6,hBFA1
III-288937-G-A,G,A,STOP_GAINED,OCA4,HIGH,NONSENSE,Q108*,NA,AGGGGAAGTGGTAAGTTCGTTGGAGCGCCGAAACAGGGTTGCGGGTTGGAGG,1N,FALSE,GlyEtOH,6,hBFA1
II-526858-A-C,A,C,DOWNSTREAM,YBR141C,MODIFIER,NA,NA,NA,AGGGGAAGTGGTAAGTTCGTTGGAGCGCCGAAACAGGGTTGCGGGTTGGAGG,1N,FALSE,GlyEtOH,6,hBFA1
II-526858-A-C,A,C,DOWNSTREAM,YBR141C,MODIFIER,NA,NA,NA,AGGGGAAGTGGTAAGTTCGTTGGAGCGCCGAAACAGGGTTGCGGGTTGGAGG,1N,FALSE,GlyEtOH,6,hBFA1
X-179198-GT-G,GT,G,FRAME_SHIFT,PBS2,HIGH,NONE,N302,protein_coding,AGTGCAATTATCAATATATTTTGCCCAATAGAATCATCTTACTTCTTATTAC,1N,TRUE,GlyEtOH,3,hBFA1
XV-594704-T-TTGTTGGAATAAAAATCAACTATCATCTACTAACTAGTATTTACGTTACTAGTATATTATCATATACG.,T,TTGTTGGAATAAAAATCAACTATCATCTACTAACTAGTATTTACGTTACTAGTATATTATCATATACG.,UPSTREAM,YOR142W-A,MODIFIER,NA,NA,protein_coding,AGTGCAATTATCAATATATTTTGCCCAATAGAATCATCTTACTTCTTATTAC,1N,TRUE,GlyEtOH,3,hBFA1
II-541458-G-GTCA,G,GTCA,CODON_CHANGE_PLUS_CODON_INSERTION,TBS1,MODERATE,NONE,D1012DD,NA,AGTGCAATTATCAATATATTTTGCCCAATAGAATCATCTTACTTCTTATTAC,1N,TRUE,GlyEtOH,3,hBFA1
II-463582-GCGTT-G,GCGTT,G,FRAME_SHIFT,CYC8,HIGH,NONE,NA729,NA,AGTTCAAGTGGGAAAGTCCTTCAGGATCCTAAACGGAATTTTTTCTTCACCT,1N,TRUE,FLC4,8,hBFA1
XII-459803-C-CTTTTTTTTTTTTTTTTTTTTTTTTTTTTTTTTTT,C,CTTTTTTTTTTTTTTTTTTTTTTTTTTTTTTTTTT,DOWNSTREAM,RDN5-1,MODIFIER,NA,NA,NA,AGTTCAAGTGGGAAAGTCCTTCAGGATCCTAAACGGAATTTTTTCTTCACCT,1N,TRUE,FLC4,8,hBFA1
VI-21173-G-T,G,T,NON_SYNONYMOUS_CODING,YFL054C,MODERATE,MISSENSE,P539T,NA,AGTTCAAGTGGGAAAGTCCTTCAGGATCCTAAACGGAATTTTTTCTTCACCT,1N,FALSE,FLC4,8,hBFA1
I-41062-C-T,C,T,STOP_GAINED,GPB2,HIGH,NONSENSE,Q602*,NA,ATAAAAATCAGTAAATGCTTTACCCGGGTAAAACCAGATTTGGCATTCACTA,1N,FALSE,GlyEtOH,2,hBFA1
I-41062-C-T,C,T,STOP_GAINED,GPB2,HIGH,NONSENSE,Q602*,NA,ATAAAAATCAGTAAATGCTTTACCCGGGTAAAACCAGATTTGGCATTCACTA,1N,FALSE,GlyEtOH,2,hBFA1
I-17542-G-T,G,T,UPSTREAM,TDA8,MODIFIER,NA,NA,NA,ATAAAAATCAGTAAATGCTTTACCCGGGTAAAACCAGATTTGGCATTCACTA,1N,FALSE,GlyEtOH,2,hBFA1
I-17542-G-T,G,T,UPSTREAM,TDA8,MODIFIER,NA,NA,NA,ATAAAAATCAGTAAATGCTTTACCCGGGTAAAACCAGATTTGGCATTCACTA,1N,FALSE,GlyEtOH,2,hBFA1
XII-289731-T-G,T,G,UPSTREAM,GAL2,MODIFIER,NA,NA,NA,ATAATAAGGTCTAAATAAGTTAGGAATCCTAAACGGAATTTTTTCTTCACCT,1N,FALSE,FLC4,7,hBFA1
IV-1265415-A-AT,A,AT,FRAME_SHIFT+STOP_GAINED,SXM1,HIGH,NONE,E701*?,NA,ATAATAAGGTCTAAATAAGTTAGGAATCCTAAACGGAATTTTTTCTTCACCT,1N,TRUE,FLC4,7,hBFA1
IV-1238302-T-A,T,A,DOWNSTREAM,YDR381C-A,MODIFIER,NA,NA,NA,ATAATAAGGTCTAAATAAGTTAGGAATCCTAAACGGAATTTTTTCTTCACCT,1N,FALSE,FLC4,7,hBFA1
IV-1238303-A-T,A,T,DOWNSTREAM,YDR381C-A,MODIFIER,NA,NA,NA,ATAATAAGGTCTAAATAAGTTAGGAATCCTAAACGGAATTTTTTCTTCACCT,1N,FALSE,FLC4,7,hBFA1
VII-471490-T-G,T,G,NON_SYNONYMOUS_CODING,PDR1,MODERATE,MISSENSE,Y270S,NA,ATACTAAGTCATAAATGAATTCGCCATACAAAACACGTTTTCGGCTTAGCAA,1N,FALSE,CLM,2,hBFA1
VII-471490-T-G,T,G,NON_SYNONYMOUS_CODING,PDR1,MODERATE,MISSENSE,Y270S,NA,ATACTAAGTCATAAATGAATTCGCCATACAAAACACGTTTTCGGCTTAGCAA,1N,FALSE,CLM,2,hBFA1
VII-471490-T-G,T,G,NON_SYNONYMOUS_CODING,PDR1,MODERATE,MISSENSE,Y270S,NA,ATACTAAGTCATAAATGAATTCGCCATACAAAACACGTTTTCGGCTTAGCAA,1N,FALSE,CLM,2,hBFA1
VII-471490-T-G,T,G,NON_SYNONYMOUS_CODING,PDR1,MODERATE,MISSENSE,Y270S,NA,ATACTAAGTCATAAATGAATTCGCCATACAAAACACGTTTTCGGCTTAGCAA,1N,FALSE,CLM,2,hBFA1
VII-471490-T-G,T,G,NON_SYNONYMOUS_CODING,PDR1,MODERATE,MISSENSE,Y270S,NA,ATACTAAGTCATAAATGAATTCGCCATACAAAACACGTTTTCGGCTTAGCAA,1N,FALSE,CLM,2,hBFA1
VII-471490-T-G,T,G,NON_SYNONYMOUS_CODING,PDR1,MODERATE,MISSENSE,Y270S,NA,ATACTAAGTCATAAATGAATTCGCCATACAAAACACGTTTTCGGCTTAGCAA,1N,FALSE,CLM,2,hBFA1
XII-775187-C-G,C,G,NON_SYNONYMOUS_CODING,MMS22,MODERATE,MISSENSE,S1083C,NA,ATACTAAGTCATAAATGAATTCGCCATACAAAACACGTTTTCGGCTTAGCAA,1N,FALSE,CLM,2,hBFA1
XII-775187-C-G,C,G,NON_SYNONYMOUS_CODING,MMS22,MODERATE,MISSENSE,S1083C,NA,ATACTAAGTCATAAATGAATTCGCCATACAAAACACGTTTTCGGCTTAGCAA,1N,FALSE,CLM,2,hBFA1
XII-775187-C-G,C,G,NON_SYNONYMOUS_CODING,MMS22,MODERATE,MISSENSE,S1083C,NA,ATACTAAGTCATAAATGAATTCGCCATACAAAACACGTTTTCGGCTTAGCAA,1N,FALSE,CLM,2,hBFA1
XII-775187-C-G,C,G,NON_SYNONYMOUS_CODING,MMS22,MODERATE,MISSENSE,S1083C,NA,ATACTAAGTCATAAATGAATTCGCCATACAAAACACGTTTTCGGCTTAGCAA,1N,FALSE,CLM,2,hBFA1
XII-775187-C-G,C,G,NON_SYNONYMOUS_CODING,MMS22,MODERATE,MISSENSE,S1083C,NA,ATACTAAGTCATAAATGAATTCGCCATACAAAACACGTTTTCGGCTTAGCAA,1N,FALSE,CLM,2,hBFA1
XII-775187-C-G,C,G,NON_SYNONYMOUS_CODING,MMS22,MODERATE,MISSENSE,S1083C,NA,ATACTAAGTCATAAATGAATTCGCCATACAAAACACGTTTTCGGCTTAGCAA,1N,FALSE,CLM,2,hBFA1
XV-551226-C-T,C,T,NON_SYNONYMOUS_CODING,GCY1,MODERATE,MISSENSE,A38V,NA,ATACTAAGTCATAAATGAATTCGCCATACAAAACACGTTTTCGGCTTAGCAA,1N,FALSE,CLM,2,hBFA1
XV-551226-C-T,C,T,NON_SYNONYMOUS_CODING,GCY1,MODERATE,MISSENSE,A38V,NA,ATACTAAGTCATAAATGAATTCGCCATACAAAACACGTTTTCGGCTTAGCAA,1N,FALSE,CLM,2,hBFA1
XV-551226-C-T,C,T,NON_SYNONYMOUS_CODING,GCY1,MODERATE,MISSENSE,A38V,NA,ATACTAAGTCATAAATGAATTCGCCATACAAAACACGTTTTCGGCTTAGCAA,1N,FALSE,CLM,2,hBFA1
XV-551226-C-T,C,T,NON_SYNONYMOUS_CODING,GCY1,MODERATE,MISSENSE,A38V,NA,ATACTAAGTCATAAATGAATTCGCCATACAAAACACGTTTTCGGCTTAGCAA,1N,FALSE,CLM,2,hBFA1
XV-551226-C-T,C,T,NON_SYNONYMOUS_CODING,GCY1,MODERATE,MISSENSE,A38V,NA,ATACTAAGTCATAAATGAATTCGCCATACAAAACACGTTTTCGGCTTAGCAA,1N,FALSE,CLM,2,hBFA1
XV-551226-C-T,C,T,NON_SYNONYMOUS_CODING,GCY1,MODERATE,MISSENSE,A38V,NA,ATACTAAGTCATAAATGAATTCGCCATACAAAACACGTTTTCGGCTTAGCAA,1N,FALSE,CLM,2,hBFA1
VII-317456-G-T,G,T,NON_SYNONYMOUS_CODING,USE1,MODERATE,MISSENSE,D39Y,NA,ATACTAAGTCATAAATGAATTCGCCATACAAAACACGTTTTCGGCTTAGCAA,1N,FALSE,CLM,2,hBFA1
VII-317456-G-T,G,T,NON_SYNONYMOUS_CODING,USE1,MODERATE,MISSENSE,D39Y,NA,ATACTAAGTCATAAATGAATTCGCCATACAAAACACGTTTTCGGCTTAGCAA,1N,FALSE,CLM,2,hBFA1
IV-438717-C-T,C,T,NON_SYNONYMOUS_CODING,RPT2,MODERATE,MISSENSE,A224V,NA,ATAGAAAATTTCAATGGGATTATGCTAATAGAATCATCTTACTTCTTATTAC,1N,FALSE,GlyEtOH,8,hBFA1
XI-100764-CAATTACAAG-C,CAATTACAAG,C,CODON_DELETION,FAS1,MODERATE,NONE,LQE33,NA,ATAGAAAATTTCAATGGGATTATGCTAATAGAATCATCTTACTTCTTATTAC,1N,TRUE,GlyEtOH,8,hBFA1
XI-107937-G-A,G,A,NON_SYNONYMOUS_CODING,PRS1,MODERATE,MISSENSE,D208N,NA,ATAGAAAATTTCAATGGGATTATGCTAATAGAATCATCTTACTTCTTATTAC,1N,FALSE,GlyEtOH,8,hBFA1
XI-84728-G-T,G,T,NON_SYNONYMOUS_CODING,HYM1,MODERATE,MISSENSE,D9Y,NA,ATAGAAAATTTCAATGGGATTATGCTAATAGAATCATCTTACTTCTTATTAC,1N,FALSE,GlyEtOH,8,hBFA1
IV-1048224-C-G,C,G,NON_SYNONYMOUS_CODING,SSD1,MODERATE,MISSENSE,G390A,NA,ATAGAAATTCGGAAGCCAGTTGAAAGAATAGAATCATCTTACTTCTTATTAC,1N,FALSE,GlyEtOH,5,hBFA1
XIII-156366-A-G,A,G,SYNONYMOUS_CODING,NTE1,LOW,SILENT,S631,NA,ATAGAAATTCGGAAGCCAGTTGAAAGAATAGAATCATCTTACTTCTTATTAC,1N,FALSE,GlyEtOH,5,hBFA1
II-219589-G-T,G,T,NON_SYNONYMOUS_CODING,PDR3,MODERATE,MISSENSE,C707F,NA,ATCACAATACGAAACCAAGTTTGTCTTTCCCAAGCGAATTATATTTTTGAGA,1N,FALSE,CLM,6,hBFA1
II-219589-G-T,G,T,NON_SYNONYMOUS_CODING,PDR3,MODERATE,MISSENSE,C707F,NA,ATCACAATACGAAACCAAGTTTGTCTTTCCCAAGCGAATTATATTTTTGAGA,1N,FALSE,CLM,6,hBFA1
II-219589-G-T,G,T,NON_SYNONYMOUS_CODING,PDR3,MODERATE,MISSENSE,C707F,NA,ATCACAATACGAAACCAAGTTTGTCTTTCCCAAGCGAATTATATTTTTGAGA,1N,FALSE,CLM,6,hBFA1
II-219589-G-T,G,T,NON_SYNONYMOUS_CODING,PDR3,MODERATE,MISSENSE,C707F,NA,ATCACAATACGAAACCAAGTTTGTCTTTCCCAAGCGAATTATATTTTTGAGA,1N,FALSE,CLM,6,hBFA1
II-219589-G-T,G,T,NON_SYNONYMOUS_CODING,PDR3,MODERATE,MISSENSE,C707F,NA,ATCACAATACGAAACCAAGTTTGTCTTTCCCAAGCGAATTATATTTTTGAGA,1N,FALSE,CLM,6,hBFA1
II-219589-G-T,G,T,NON_SYNONYMOUS_CODING,PDR3,MODERATE,MISSENSE,C707F,NA,ATCACAATACGAAACCAAGTTTGTCTTTCCCAAGCGAATTATATTTTTGAGA,1N,FALSE,CLM,6,hBFA1
II-219589-G-T,G,T,NON_SYNONYMOUS_CODING,PDR3,MODERATE,MISSENSE,C707F,NA,ATCACAATACGAAACCAAGTTTGTCTTTCCCAAGCGAATTATATTTTTGAGA,1N,FALSE,CLM,6,hBFA1
II-219589-G-T,G,T,NON_SYNONYMOUS_CODING,PDR3,MODERATE,MISSENSE,C707F,NA,ATCACAATACGAAACCAAGTTTGTCTTTCCCAAGCGAATTATATTTTTGAGA,1N,FALSE,CLM,6,hBFA1
II-219589-G-T,G,T,NON_SYNONYMOUS_CODING,PDR3,MODERATE,MISSENSE,C707F,NA,ATCACAATACGAAACCAAGTTTGTCTTTCCCAAGCGAATTATATTTTTGAGA,1N,FALSE,CLM,6,hBFA1
II-219589-G-T,G,T,NON_SYNONYMOUS_CODING,PDR3,MODERATE,MISSENSE,C707F,NA,ATCACAATACGAAACCAAGTTTGTCTTTCCCAAGCGAATTATATTTTTGAGA,1N,FALSE,CLM,6,hBFA1
II-219589-G-T,G,T,NON_SYNONYMOUS_CODING,PDR3,MODERATE,MISSENSE,C707F,NA,ATCACAATACGAAACCAAGTTTGTCTTTCCCAAGCGAATTATATTTTTGAGA,1N,FALSE,CLM,6,hBFA1
II-219589-G-T,G,T,NON_SYNONYMOUS_CODING,PDR3,MODERATE,MISSENSE,C707F,NA,ATCACAATACGAAACCAAGTTTGTCTTTCCCAAGCGAATTATATTTTTGAGA,1N,FALSE,CLM,6,hBFA1
III-63911-T-A,T,A,SYNONYMOUS_CODING,STE50,LOW,SILENT,I157,NA,ATCACAATACGAAACCAAGTTTGTCTTTCCCAAGCGAATTATATTTTTGAGA,1N,FALSE,CLM,6,hBFA1
III-63911-T-A,T,A,SYNONYMOUS_CODING,STE50,LOW,SILENT,I157,NA,ATCACAATACGAAACCAAGTTTGTCTTTCCCAAGCGAATTATATTTTTGAGA,1N,FALSE,CLM,6,hBFA1
VII-657257-G-A,G,A,NON_SYNONYMOUS_CODING,NNF2,MODERATE,MISSENSE,V100M,NA,ATCACAATACGAAACCAAGTTTGTCTTTCCCAAGCGAATTATATTTTTGAGA,1N,FALSE,CLM,6,hBFA1
VII-657257-G-A,G,A,NON_SYNONYMOUS_CODING,NNF2,MODERATE,MISSENSE,V100M,NA,ATCACAATACGAAACCAAGTTTGTCTTTCCCAAGCGAATTATATTTTTGAGA,1N,FALSE,CLM,6,hBFA1
XIII-364541-G-A,G,A,NON_SYNONYMOUS_CODING,NUP116,MODERATE,MISSENSE,A722V,NA,ATCACAATACGAAACCAAGTTTGTCTTTCCCAAGCGAATTATATTTTTGAGA,1N,FALSE,CLM,6,hBFA1
XIII-364541-G-A,G,A,NON_SYNONYMOUS_CODING,NUP116,MODERATE,MISSENSE,A722V,NA,ATCACAATACGAAACCAAGTTTGTCTTTCCCAAGCGAATTATATTTTTGAGA,1N,FALSE,CLM,6,hBFA1
VII-470681-T-G,T,G,NON_SYNONYMOUS_CODING,PDR1,MODERATE,MISSENSE,K540Q,NA,ATGCAAAATCACAAAACGCTTAAATGTTACTAAAAGTCTTCTATGTTTTCAT,1N,FALSE,CLM,2,hBFA1
VII-470681-T-G,T,G,NON_SYNONYMOUS_CODING,PDR1,MODERATE,MISSENSE,K540Q,NA,ATGCAAAATCACAAAACGCTTAAATGTTACTAAAAGTCTTCTATGTTTTCAT,1N,FALSE,CLM,2,hBFA1
VII-470681-T-G,T,G,NON_SYNONYMOUS_CODING,PDR1,MODERATE,MISSENSE,K540Q,NA,ATGCAAAATCACAAAACGCTTAAATGTTACTAAAAGTCTTCTATGTTTTCAT,1N,FALSE,CLM,2,hBFA1
VII-470681-T-G,T,G,NON_SYNONYMOUS_CODING,PDR1,MODERATE,MISSENSE,K540Q,NA,ATGCAAAATCACAAAACGCTTAAATGTTACTAAAAGTCTTCTATGTTTTCAT,1N,FALSE,CLM,2,hBFA1
VII-470681-T-G,T,G,NON_SYNONYMOUS_CODING,PDR1,MODERATE,MISSENSE,K540Q,NA,ATGCAAAATCACAAAACGCTTAAATGTTACTAAAAGTCTTCTATGTTTTCAT,1N,FALSE,CLM,2,hBFA1
VII-470681-T-G,T,G,NON_SYNONYMOUS_CODING,PDR1,MODERATE,MISSENSE,K540Q,NA,ATGCAAAATCACAAAACGCTTAAATGTTACTAAAAGTCTTCTATGTTTTCAT,1N,FALSE,CLM,2,hBFA1
XI-235667-G-T,G,T,NON_SYNONYMOUS_CODING,SLD2,MODERATE,MISSENSE,E414D,NA,ATGCAAAATCACAAAACGCTTAAATGTTACTAAAAGTCTTCTATGTTTTCAT,1N,FALSE,CLM,2,hBFA1
XI-235667-G-T,G,T,NON_SYNONYMOUS_CODING,SLD2,MODERATE,MISSENSE,E414D,NA,ATGCAAAATCACAAAACGCTTAAATGTTACTAAAAGTCTTCTATGTTTTCAT,1N,FALSE,CLM,2,hBFA1
XI-235667-G-T,G,T,NON_SYNONYMOUS_CODING,SLD2,MODERATE,MISSENSE,E414D,NA,ATGCAAAATCACAAAACGCTTAAATGTTACTAAAAGTCTTCTATGTTTTCAT,1N,FALSE,CLM,2,hBFA1
XI-235667-G-T,G,T,NON_SYNONYMOUS_CODING,SLD2,MODERATE,MISSENSE,E414D,NA,ATGCAAAATCACAAAACGCTTAAATGTTACTAAAAGTCTTCTATGTTTTCAT,1N,FALSE,CLM,2,hBFA1
XI-235667-G-T,G,T,NON_SYNONYMOUS_CODING,SLD2,MODERATE,MISSENSE,E414D,NA,ATGCAAAATCACAAAACGCTTAAATGTTACTAAAAGTCTTCTATGTTTTCAT,1N,FALSE,CLM,2,hBFA1
XI-235667-G-T,G,T,NON_SYNONYMOUS_CODING,SLD2,MODERATE,MISSENSE,E414D,NA,ATGCAAAATCACAAAACGCTTAAATGTTACTAAAAGTCTTCTATGTTTTCAT,1N,FALSE,CLM,2,hBFA1
VII-17430-C-A,C,A,DOWNSTREAM,ADH4,MODIFIER,NA,NA,NA,ATGCAAAATCACAAAACGCTTAAATGTTACTAAAAGTCTTCTATGTTTTCAT,1N,FALSE,CLM,2,hBFA1
VII-17430-C-A,C,A,DOWNSTREAM,ADH4,MODIFIER,NA,NA,NA,ATGCAAAATCACAAAACGCTTAAATGTTACTAAAAGTCTTCTATGTTTTCAT,1N,FALSE,CLM,2,hBFA1
VII-17430-C-A,C,A,DOWNSTREAM,ADH4,MODIFIER,NA,NA,NA,ATGCAAAATCACAAAACGCTTAAATGTTACTAAAAGTCTTCTATGTTTTCAT,1N,FALSE,CLM,2,hBFA1
VII-17430-C-A,C,A,DOWNSTREAM,ADH4,MODIFIER,NA,NA,NA,ATGCAAAATCACAAAACGCTTAAATGTTACTAAAAGTCTTCTATGTTTTCAT,1N,FALSE,CLM,2,hBFA1
VII-17430-C-A,C,A,DOWNSTREAM,ADH4,MODIFIER,NA,NA,NA,ATGCAAAATCACAAAACGCTTAAATGTTACTAAAAGTCTTCTATGTTTTCAT,1N,FALSE,CLM,2,hBFA1
VII-17430-C-A,C,A,DOWNSTREAM,ADH4,MODIFIER,NA,NA,NA,ATGCAAAATCACAAAACGCTTAAATGTTACTAAAAGTCTTCTATGTTTTCAT,1N,FALSE,CLM,2,hBFA1
V-283361-T-A,T,A,STOP_GAINED,YER064C,HIGH,NONSENSE,K288*,NA,ATGCAAAATCACAAAACGCTTAAATGTTACTAAAAGTCTTCTATGTTTTCAT,1N,FALSE,CLM,2,hBFA1
V-283361-T-A,T,A,STOP_GAINED,YER064C,HIGH,NONSENSE,K288*,NA,ATGCAAAATCACAAAACGCTTAAATGTTACTAAAAGTCTTCTATGTTTTCAT,1N,FALSE,CLM,2,hBFA1
VIII-386470-G-A,G,A,NON_SYNONYMOUS_CODING,DSE2,MODERATE,MISSENSE,A321T,NA,ATGCAAAATCACAAAACGCTTAAATGTTACTAAAAGTCTTCTATGTTTTCAT,1N,FALSE,CLM,2,hBFA1
VIII-386470-G-A,G,A,NON_SYNONYMOUS_CODING,DSE2,MODERATE,MISSENSE,A321T,NA,ATGCAAAATCACAAAACGCTTAAATGTTACTAAAAGTCTTCTATGTTTTCAT,1N,FALSE,CLM,2,hBFA1
VIII-7033-C-T,C,T,SYNONYMOUS_CODING,COS8,LOW,SILENT,D211,NA,ATGCAAAATCACAAAACGCTTAAATGTTACTAAAAGTCTTCTATGTTTTCAT,1N,FALSE,CLM,2,hBFA1
VIII-7033-C-T,C,T,SYNONYMOUS_CODING,COS8,LOW,SILENT,D211,NA,ATGCAAAATCACAAAACGCTTAAATGTTACTAAAAGTCTTCTATGTTTTCAT,1N,FALSE,CLM,2,hBFA1
XIV-37944-T-C,T,C,NON_SYNONYMOUS_CODING,YNL320W,MODERATE,MISSENSE,L82S,NA,ATGCAAAATCACAAAACGCTTAAATGTTACTAAAAGTCTTCTATGTTTTCAT,1N,FALSE,CLM,2,hBFA1
XIV-37944-T-C,T,C,NON_SYNONYMOUS_CODING,YNL320W,MODERATE,MISSENSE,L82S,NA,ATGCAAAATCACAAAACGCTTAAATGTTACTAAAAGTCTTCTATGTTTTCAT,1N,FALSE,CLM,2,hBFA1
V-116410-G-T,G,T,NON_SYNONYMOUS_CODING,URA3,MODERATE,MISSENSE,A82S,NA,ATGGCAAATCCTAAGTACTTTAGGGATAATTAACATCATTTAGTGTTACTGA,1N,FALSE,CLM,1,hBFA1
V-116410-G-T,G,T,NON_SYNONYMOUS_CODING,URA3,MODERATE,MISSENSE,A82S,NA,ATGGCAAATCCTAAGTACTTTAGGGATAATTAACATCATTTAGTGTTACTGA,1N,FALSE,CLM,1,hBFA1
VII-469423-C-A,C,A,NON_SYNONYMOUS_CODING,PDR1,MODERATE,MISSENSE,R959M,NA,ATGGCAAATCCTAAGTACTTTAGGGATAATTAACATCATTTAGTGTTACTGA,1N,FALSE,CLM,1,hBFA1
VII-469423-C-A,C,A,NON_SYNONYMOUS_CODING,PDR1,MODERATE,MISSENSE,R959M,NA,ATGGCAAATCCTAAGTACTTTAGGGATAATTAACATCATTTAGTGTTACTGA,1N,FALSE,CLM,1,hBFA1
III-288937-G-A,G,A,STOP_GAINED,OCA4,HIGH,NONSENSE,Q108*,protein_coding,ATGTCAAAATGAAACTTAGTTACTGTGCCGAAACAGGGTTGCGGGTTGGAGG,1N,FALSE,GlyEtOH,1,hBFA1
III-288937-G-A,G,A,STOP_GAINED,OCA4,HIGH,NONSENSE,Q108*,NA,ATGTCAAAATGAAACTTAGTTACTGTGCCGAAACAGGGTTGCGGGTTGGAGG,1N,FALSE,GlyEtOH,1,hBFA1
II-142851-G-T,G,T,SYNONYMOUS_CODING,ERD2,LOW,SILENT,I6,NA,ATTAAAAATTTGAAACGGCTTTGGTTTTTGAAAAGAATTTGTCGTTTTTGTC,1N,FALSE,FLC4,7,hBFA1
XV-807024-T-A,T,A,UPSTREAM,SEC63,MODIFIER,NA,NA,NA,ATTAAAAATTTGAAACGGCTTTGGTTTTTGAAAAGAATTTGTCGTTTTTGTC,1N,FALSE,FLC4,7,hBFA1
IV-1265142-G-T,G,T,STOP_GAINED,SXM1,HIGH,NONSENSE,E607*,NA,ATTAAAAATTTGAAACGGCTTTGGTTTTTGAAAAGAATTTGTCGTTTTTGTC,1N,FALSE,FLC4,7,hBFA1
VII-470235-C-G,C,G,NON_SYNONYMOUS_CODING,PDR1,MODERATE,MISSENSE,E688D,NA,ATTACAAGTAGCAAGGACATTAGATTTACAAAACACGTTTTCGGCTTAGCAA,1N,FALSE,CLM,1,hBFA1
VII-470235-C-G,C,G,NON_SYNONYMOUS_CODING,PDR1,MODERATE,MISSENSE,E688D,NA,ATTACAAGTAGCAAGGACATTAGATTTACAAAACACGTTTTCGGCTTAGCAA,1N,FALSE,CLM,1,hBFA1
VII-470235-C-G,C,G,NON_SYNONYMOUS_CODING,PDR1,MODERATE,MISSENSE,E688D,NA,ATTACAAGTAGCAAGGACATTAGATTTACAAAACACGTTTTCGGCTTAGCAA,1N,FALSE,CLM,1,hBFA1
VII-470235-C-G,C,G,NON_SYNONYMOUS_CODING,PDR1,MODERATE,MISSENSE,E688D,NA,ATTACAAGTAGCAAGGACATTAGATTTACAAAACACGTTTTCGGCTTAGCAA,1N,FALSE,CLM,1,hBFA1
XIV-345597-T-C,T,C,DOWNSTREAM,GIM3,MODIFIER,NA,NA,NA,ATTACAAGTAGCAAGGACATTAGATTTACAAAACACGTTTTCGGCTTAGCAA,1N,FALSE,CLM,1,hBFA1
XIV-345597-T-C,T,C,DOWNSTREAM,GIM3,MODIFIER,NA,NA,NA,ATTACAAGTAGCAAGGACATTAGATTTACAAAACACGTTTTCGGCTTAGCAA,1N,FALSE,CLM,1,hBFA1
I-41062-C-T,C,T,STOP_GAINED,GPB2,HIGH,NONSENSE,Q602*,NA,ATTAGAAGAAATAAGCCTCTTAGCTGGGTAAAACCAGATTTGGCATTCACTA,1N,FALSE,GlyEtOH,2,hBFA1
I-41062-C-T,C,T,STOP_GAINED,GPB2,HIGH,NONSENSE,Q602*,NA,ATTAGAAGAAATAAGCCTCTTAGCTGGGTAAAACCAGATTTGGCATTCACTA,1N,FALSE,GlyEtOH,2,hBFA1
IV-1265415-A-AT,A,AT,FRAME_SHIFT+STOP_GAINED,SXM1,HIGH,NONE,E701*?,NA,CAATCAAGAACTAAAAGAATTAGCCCTTTGAAAAGAATTTGTCGTTTTTGTC,1N,TRUE,FLC4,7,hBFA1
VII-469154-T-G,T,G,NON_SYNONYMOUS_CODING,PDR1,MODERATE,MISSENSE,N1049H,NA,CAGCCAACCGCTAATAACCTTAGACTTTCCCAAGCGAATTATATTTTTGAGA,1N,FALSE,CLM,1,hBFA1
VII-469154-T-G,T,G,NON_SYNONYMOUS_CODING,PDR1,MODERATE,MISSENSE,N1049H,NA,CAGCCAACCGCTAATAACCTTAGACTTTCCCAAGCGAATTATATTTTTGAGA,1N,FALSE,CLM,1,hBFA1
VII-469154-T-G,T,G,NON_SYNONYMOUS_CODING,PDR1,MODERATE,MISSENSE,N1049H,NA,CAGCCAACCGCTAATAACCTTAGACTTTCCCAAGCGAATTATATTTTTGAGA,1N,FALSE,CLM,1,hBFA1
VII-469154-T-G,T,G,NON_SYNONYMOUS_CODING,PDR1,MODERATE,MISSENSE,N1049H,NA,CAGCCAACCGCTAATAACCTTAGACTTTCCCAAGCGAATTATATTTTTGAGA,1N,FALSE,CLM,1,hBFA1
VII-469154-T-G,T,G,NON_SYNONYMOUS_CODING,PDR1,MODERATE,MISSENSE,N1049H,NA,CAGCCAACCGCTAATAACCTTAGACTTTCCCAAGCGAATTATATTTTTGAGA,1N,FALSE,CLM,1,hBFA1
VII-469154-T-G,T,G,NON_SYNONYMOUS_CODING,PDR1,MODERATE,MISSENSE,N1049H,NA,CAGCCAACCGCTAATAACCTTAGACTTTCCCAAGCGAATTATATTTTTGAGA,1N,FALSE,CLM,1,hBFA1
XV-146211-T-G,T,G,NON_SYNONYMOUS_CODING,SPO21,MODERATE,MISSENSE,L293R,NA,CAGCCAACCGCTAATAACCTTAGACTTTCCCAAGCGAATTATATTTTTGAGA,1N,FALSE,CLM,1,hBFA1
XV-146211-T-G,T,G,NON_SYNONYMOUS_CODING,SPO21,MODERATE,MISSENSE,L293R,NA,CAGCCAACCGCTAATAACCTTAGACTTTCCCAAGCGAATTATATTTTTGAGA,1N,FALSE,CLM,1,hBFA1
II-669507-G-T,G,T,NON_SYNONYMOUS_CODING,TDP1,MODERATE,MISSENSE,P264H,NA,CCACAAACCCTCAATGGGTTTGATATGGTAAAACCAGATTTGGCATTCACTA,1N,FALSE,GlyEtOH,2,hBFA1
I-41062-C-T,C,T,STOP_GAINED,GPB2,HIGH,NONSENSE,Q602*,NA,CCACAAACCCTCAATGGGTTTGATATGGTAAAACCAGATTTGGCATTCACTA,1N,FALSE,GlyEtOH,2,hBFA1
VII-471398-C-A,C,A,NON_SYNONYMOUS_CODING,PDR1,MODERATE,MISSENSE,A301S,NA,CCCCCAACATCGAAAGGGATTAAGCGTTCCCAAGCGAATTATATTTTTGAGA,1N,FALSE,CLM,2,hBFA1
VII-471398-C-A,C,A,NON_SYNONYMOUS_CODING,PDR1,MODERATE,MISSENSE,A301S,NA,CCCCCAACATCGAAAGGGATTAAGCGTTCCCAAGCGAATTATATTTTTGAGA,1N,FALSE,CLM,2,hBFA1
VII-478493-C-T,C,T,NON_SYNONYMOUS_CODING,LEU1,MODERATE,MISSENSE,A54T,NA,CCCCCAACATCGAAAGGGATTAAGCGTTCCCAAGCGAATTATATTTTTGAGA,1N,FALSE,CLM,2,hBFA1
VII-478493-C-T,C,T,NON_SYNONYMOUS_CODING,LEU1,MODERATE,MISSENSE,A54T,NA,CCCCCAACATCGAAAGGGATTAAGCGTTCCCAAGCGAATTATATTTTTGAGA,1N,FALSE,CLM,2,hBFA1
XVI-390521-C-G,C,G,NON_SYNONYMOUS_CODING,SEC16,MODERATE,MISSENSE,A1152G,NA,CCCCCAACATCGAAAGGGATTAAGCGTTCCCAAGCGAATTATATTTTTGAGA,1N,FALSE,CLM,2,hBFA1
XVI-390521-C-G,C,G,NON_SYNONYMOUS_CODING,SEC16,MODERATE,MISSENSE,A1152G,NA,CCCCCAACATCGAAAGGGATTAAGCGTTCCCAAGCGAATTATATTTTTGAGA,1N,FALSE,CLM,2,hBFA1
V-150294-G-T,G,T,DOWNSTREAM,IRC22,MODIFIER,NA,NA,NA,CCCCCAACATCGAAAGGGATTAAGCGTTCCCAAGCGAATTATATTTTTGAGA,1N,FALSE,CLM,2,hBFA1
V-150294-G-T,G,T,DOWNSTREAM,IRC22,MODIFIER,NA,NA,NA,CCCCCAACATCGAAAGGGATTAAGCGTTCCCAAGCGAATTATATTTTTGAGA,1N,FALSE,CLM,2,hBFA1
II-519311-C-A,C,A,STOP_GAINED,IRA1,HIGH,NONSENSE,E2440*,NA,CCGATAACGTTAAAGTTGTTTTGTTGGCTTTAACAGATTTTCCTTTTTCTGC,1N,FALSE,GlyEtOH,3,hBFA1
II-347526-G-GTGTTGGAATAGAAATCAACTATCATCTACTAACTAGTATTTACATTACTAGTATATTATCATATACGG.,G,GTGTTGGAATAGAAATCAACTATCATCTACTAACTAGTATTTACATTACTAGTATATTATCATATACGG.,UPSTREAM,PRP6,MODIFIER,NA,NA,NA,CCGATAACGTTAAAGTTGTTTTGTTGGCTTTAACAGATTTTCCTTTTTCTGC,1N,TRUE,GlyEtOH,3,hBFA1
I-41062-C-T,C,T,STOP_GAINED,GPB2,HIGH,NONSENSE,Q602*,NA,CCTAAAATACAGAAAACCTTTTTGCAGGTAAAACCAGATTTGGCATTCACTA,1N,FALSE,GlyEtOH,2,hBFA1
I-41062-C-T,C,T,STOP_GAINED,GPB2,HIGH,NONSENSE,Q602*,NA,CCTAAAATACAGAAAACCTTTTTGCAGGTAAAACCAGATTTGGCATTCACTA,1N,FALSE,GlyEtOH,2,hBFA1
VIII-545489-TC-T,TC,T,FRAME_SHIFT,YHR214C-B,HIGH,NONE,E1286,NA,CCTTGAAGCTCTAAACTGCTTAAGATGCTTTAACAGATTTTCCTTTTTCTGC,1N,TRUE,GlyEtOH,3,hBFA1
VIII-545489-TC-T,TC,T,FRAME_SHIFT,YHR214C-B,HIGH,NONE,E1286,NA,CCTTGAAGCTCTAAACTGCTTAAGATGCTTTAACAGATTTTCCTTTTTCTGC,1N,TRUE,GlyEtOH,3,hBFA1
XII-162593-G-T,G,T,STOP_GAINED,SSK1,HIGH,NONSENSE,S434*,NA,CCTTGAAGCTCTAAACTGCTTAAGATGCTTTAACAGATTTTCCTTTTTCTGC,1N,FALSE,GlyEtOH,3,hBFA1
XII-162593-G-T,G,T,STOP_GAINED,SSK1,HIGH,NONSENSE,S434*,NA,CCTTGAAGCTCTAAACTGCTTAAGATGCTTTAACAGATTTTCCTTTTTCTGC,1N,FALSE,GlyEtOH,3,hBFA1
XII-733823-A-.GTATATGATAATATATTGATAATATAACTATTAGTTGATAGACGATAGTGGATTTTTATTCCAACAA,A,.GTATATGATAATATATTGATAATATAACTATTAGTTGATAGACGATAGTGGATTTTTATTCCAACAA,FRAME_SHIFT+STOP_GAINED,MET17,HIGH,NONE,I428?I**YIDNITIS**TIVDFYSNN?,NA,CCTTGAAGCTCTAAACTGCTTAAGATGCTTTAACAGATTTTCCTTTTTCTGC,1N,TRUE,GlyEtOH,3,hBFA1
XII-733823-A-.GTATATGATAATATATTGATAATATAACTATTAGTTGATAGACGATAGTGGATTTTTATTCCAACAA,A,.GTATATGATAATATATTGATAATATAACTATTAGTTGATAGACGATAGTGGATTTTTATTCCAACAA,FRAME_SHIFT+STOP_GAINED,MET17,HIGH,NONE,I428?I**YIDNITIS**TIVDFYSNN?,NA,CCTTGAAGCTCTAAACTGCTTAAGATGCTTTAACAGATTTTCCTTTTTCTGC,1N,TRUE,GlyEtOH,3,hBFA1
XVI-743970-C-CTGTTGGAATAAAAATCCACTATCGTCTATCAACTAATAGTTATATTATCAATATATTATCATATACGG.,C,CTGTTGGAATAAAAATCCACTATCGTCTATCAACTAATAGTTATATTATCAATATATTATCATATACGG.,UPSTREAM,YPR108W-A,MODIFIER,NA,NA,NA,CCTTGAAGCTCTAAACTGCTTAAGATGCTTTAACAGATTTTCCTTTTTCTGC,1N,TRUE,GlyEtOH,3,hBFA1
XVI-743970-C-CTGTTGGAATAAAAATCCACTATCGTCTATCAACTAATAGTTATATTATCAATATATTATCATATACGG.,C,CTGTTGGAATAAAAATCCACTATCGTCTATCAACTAATAGTTATATTATCAATATATTATCATATACGG.,UPSTREAM,YPR108W-A,MODIFIER,NA,NA,NA,CCTTGAAGCTCTAAACTGCTTAAGATGCTTTAACAGATTTTCCTTTTTCTGC,1N,TRUE,GlyEtOH,3,hBFA1
II-464969-A-C,A,C,NON_SYNONYMOUS_CODING,CYC8,MODERATE,MISSENSE,Y268D,NA,CGCTCAACTTATAACCCCTTTAAACTTTTGAAAAGAATTTGTCGTTTTTGTC,1N,FALSE,FLC4,6,hBFA1
VIII-527401-C-G,C,G,SYNONYMOUS_CODING,FLO5,LOW,SILENT,S670,NA,CGCTCAACTTATAACCCCTTTAAACTTTTGAAAAGAATTTGTCGTTTTTGTC,1N,FALSE,FLC4,6,hBFA1
II-626854-C-A,C,A,SYNONYMOUS_CODING,MCM7,LOW,SILENT,T361,NA,CGCTCAACTTATAACCCCTTTAAACTTTTGAAAAGAATTTGTCGTTTTTGTC,1N,FALSE,FLC4,6,hBFA1
IV-1250315-C-G,C,G,NON_SYNONYMOUS_CODING,RVS167,MODERATE,MISSENSE,Q44E,NA,CGCTCAACTTATAACCCCTTTAAACTTTTGAAAAGAATTTGTCGTTTTTGTC,1N,FALSE,FLC4,6,hBFA1
XV-1050318-C-T,C,T,STOP_GAINED,YOR378W,HIGH,NONSENSE,Q270*,NA,CGCTCAACTTATAACCCCTTTAAACTTTTGAAAAGAATTTGTCGTTTTTGTC,1N,FALSE,FLC4,6,hBFA1
VII-469709-A-G,A,G,NON_SYNONYMOUS_CODING,PDR1,MODERATE,MISSENSE,Y864H,NA,CGGATAAATGTTAATACTGTTATTCGTTCCCAAGCGAATTATATTTTTGAGA,1N,FALSE,CLM,2,hBFA1
VII-469709-A-G,A,G,NON_SYNONYMOUS_CODING,PDR1,MODERATE,MISSENSE,Y864H,NA,CGGATAAATGTTAATACTGTTATTCGTTCCCAAGCGAATTATATTTTTGAGA,1N,FALSE,CLM,2,hBFA1
II-309575-C-G,C,G,NON_SYNONYMOUS_CODING,CSG2,MODERATE,MISSENSE,A247P,NA,CGGCTAAACCTCAATTCGATTCTGTGTCCTAAACGGAATTTTTTCTTCACCT,1N,FALSE,FLC4,5,hBFA1
III-62032-G-A,G,A,SYNONYMOUS_CODING,LSB5,LOW,SILENT,A125,NA,CGGCTAAACCTCAATTCGATTCTGTGTCCTAAACGGAATTTTTTCTTCACCT,1N,FALSE,FLC4,5,hBFA1
II-220180-C-G,C,G,NON_SYNONYMOUS_CODING,PDR3,MODERATE,MISSENSE,S904W,NA,CGGTTAAAACTGAACGTGTTTCGTGGTCCTAAACGGAATTTTTTCTTCACCT,1N,FALSE,FLC4,4,hBFA1
VII-471226-G-C,G,C,NON_SYNONYMOUS_CODING,PDR1,MODERATE,MISSENSE,T358R,NA,CGTTCAATACAGAAGATGTTTGTGACTTCCCAAGCGAATTATATTTTTGAGA,1N,FALSE,CLM,2,hBFA1
VII-471226-G-C,G,C,NON_SYNONYMOUS_CODING,PDR1,MODERATE,MISSENSE,T358R,NA,CGTTCAATACAGAAGATGTTTGTGACTTCCCAAGCGAATTATATTTTTGAGA,1N,FALSE,CLM,2,hBFA1
VII-471226-G-C,G,C,NON_SYNONYMOUS_CODING,PDR1,MODERATE,MISSENSE,T358R,NA,CGTTCAATACAGAAGATGTTTGTGACTTCCCAAGCGAATTATATTTTTGAGA,1N,FALSE,CLM,2,hBFA1
VII-471226-G-C,G,C,NON_SYNONYMOUS_CODING,PDR1,MODERATE,MISSENSE,T358R,NA,CGTTCAATACAGAAGATGTTTGTGACTTCCCAAGCGAATTATATTTTTGAGA,1N,FALSE,CLM,2,hBFA1
VIII-493422-G-A,G,A,NON_SYNONYMOUS_CODING,UTP9,MODERATE,MISSENSE,G498S,NA,CGTTCAATACAGAAGATGTTTGTGACTTCCCAAGCGAATTATATTTTTGAGA,1N,FALSE,CLM,2,hBFA1
VIII-493422-G-A,G,A,NON_SYNONYMOUS_CODING,UTP9,MODERATE,MISSENSE,G498S,NA,CGTTCAATACAGAAGATGTTTGTGACTTCCCAAGCGAATTATATTTTTGAGA,1N,FALSE,CLM,2,hBFA1
VII-469688-C-A,C,A,NON_SYNONYMOUS_CODING,PDR1,MODERATE,MISSENSE,V871F,NA,CTAGGAAGTAGCAAAAGGCTTTCTATTACAAAACACGTTTTCGGCTTAGCAA,1N,FALSE,CLM,4,hBFA1
VII-469688-C-A,C,A,NON_SYNONYMOUS_CODING,PDR1,MODERATE,MISSENSE,V871F,NA,CTAGGAAGTAGCAAAAGGCTTTCTATTACAAAACACGTTTTCGGCTTAGCAA,1N,FALSE,CLM,4,hBFA1
V-517533-TAAGCCTTAGAAGCCTTAG-T,TAAGCCTTAGAAGCCTTAG,T,DOWNSTREAM,DNF1,MODIFIER,NA,NA,NA,CTAGGAAGTAGCAAAAGGCTTTCTATTACAAAACACGTTTTCGGCTTAGCAA,1N,TRUE,CLM,4,hBFA1
V-517533-TAAGCCTTAGAAGCCTTAG-T,TAAGCCTTAGAAGCCTTAG,T,DOWNSTREAM,DNF1,MODIFIER,NA,NA,NA,CTAGGAAGTAGCAAAAGGCTTTCTATTACAAAACACGTTTTCGGCTTAGCAA,1N,TRUE,CLM,4,hBFA1
II-521794-G-T,G,T,STOP_GAINED,IRA1,HIGH,NONSENSE,S1612*,NA,CTATCAATAAGTAAACATCTTGATCCGCCGAAACAGGGTTGCGGGTTGGAGG,1N,FALSE,GlyEtOH,10,hBFA1
II-521794-G-T,G,T,STOP_GAINED,IRA1,HIGH,NONSENSE,S1612*,NA,CTATCAATAAGTAAACATCTTGATCCGCCGAAACAGGGTTGCGGGTTGGAGG,1N,FALSE,GlyEtOH,10,hBFA1
XIV-331368-C-G,C,G,DOWNSTREAM,YNL162W-A,MODIFIER,NA,NA,NA,CTATCAATAAGTAAACATCTTGATCCGCCGAAACAGGGTTGCGGGTTGGAGG,1N,FALSE,GlyEtOH,10,hBFA1
XIV-331368-C-G,C,G,DOWNSTREAM,YNL162W-A,MODIFIER,NA,NA,NA,CTATCAATAAGTAAACATCTTGATCCGCCGAAACAGGGTTGCGGGTTGGAGG,1N,FALSE,GlyEtOH,10,hBFA1
XV-45692-AATATATATATATATATATAT-A,AATATATATATATATATATAT,A,DOWNSTREAM,DCP1,MODIFIER,NA,NA,NA,CTATCAATAAGTAAACATCTTGATCCGCCGAAACAGGGTTGCGGGTTGGAGG,1N,TRUE,GlyEtOH,10,hBFA1
XV-45692-AATATATATATATATATATAT-A,AATATATATATATATATATAT,A,DOWNSTREAM,DCP1,MODIFIER,NA,NA,NA,CTATCAATAAGTAAACATCTTGATCCGCCGAAACAGGGTTGCGGGTTGGAGG,1N,TRUE,GlyEtOH,10,hBFA1
XVI-452271-C-A,C,A,STOP_GAINED,SUR1,HIGH,NONSENSE,E263*,NA,CTCGCAAGTGCAAATCTGTTTTAGTTTCCTAAACGGAATTTTTTCTTCACCT,1N,FALSE,FLC4,5,hBFA1
XVI-452271-C-A,C,A,STOP_GAINED,SUR1,HIGH,NONSENSE,E263*,NA,CTCGCAAGTGCAAATCTGTTTTAGTTTCCTAAACGGAATTTTTTCTTCACCT,1N,FALSE,FLC4,5,hBFA1
XVI-452271-C-A,C,A,STOP_GAINED,SUR1,HIGH,NONSENSE,E263*,NA,CTCGCAAGTGCAAATCTGTTTTAGTTTCCTAAACGGAATTTTTTCTTCACCT,1N,FALSE,FLC4,5,hBFA1
XVI-452271-C-A,C,A,STOP_GAINED,SUR1,HIGH,NONSENSE,E263*,NA,CTCGCAAGTGCAAATCTGTTTTAGTTTCCTAAACGGAATTTTTTCTTCACCT,1N,FALSE,FLC4,5,hBFA1
XVI-452271-C-A,C,A,STOP_GAINED,SUR1,HIGH,NONSENSE,E263*,NA,CTCGCAAGTGCAAATCTGTTTTAGTTTCCTAAACGGAATTTTTTCTTCACCT,1N,FALSE,FLC4,5,hBFA1
XVI-452271-C-A,C,A,STOP_GAINED,SUR1,HIGH,NONSENSE,E263*,NA,CTCGCAAGTGCAAATCTGTTTTAGTTTCCTAAACGGAATTTTTTCTTCACCT,1N,FALSE,FLC4,5,hBFA1
XVI-452271-C-A,C,A,STOP_GAINED,SUR1,HIGH,NONSENSE,E263*,NA,CTCGCAAGTGCAAATCTGTTTTAGTTTCCTAAACGGAATTTTTTCTTCACCT,1N,FALSE,FLC4,5,hBFA1
XVI-452271-C-A,C,A,STOP_GAINED,SUR1,HIGH,NONSENSE,E263*,NA,CTCGCAAGTGCAAATCTGTTTTAGTTTCCTAAACGGAATTTTTTCTTCACCT,1N,FALSE,FLC4,5,hBFA1
XIII-126313-T-A,T,A,NON_SYNONYMOUS_CODING,TCB3,MODERATE,MISSENSE,T1019S,NA,CTCGCAAGTGCAAATCTGTTTTAGTTTCCTAAACGGAATTTTTTCTTCACCT,1N,FALSE,FLC4,5,hBFA1
XIII-126313-T-A,T,A,NON_SYNONYMOUS_CODING,TCB3,MODERATE,MISSENSE,T1019S,NA,CTCGCAAGTGCAAATCTGTTTTAGTTTCCTAAACGGAATTTTTTCTTCACCT,1N,FALSE,FLC4,5,hBFA1
VII-469858-G-T,G,T,NON_SYNONYMOUS_CODING,PDR1,MODERATE,MISSENSE,S814Y,NA,CTCGTAATGTGTAAAATTCTTTGGGACAACAAAAGCGTTTTTTACTTGTAAT,1N,FALSE,CLM,2,hBFA1
VII-469858-G-T,G,T,NON_SYNONYMOUS_CODING,PDR1,MODERATE,MISSENSE,S814Y,NA,CTCGTAATGTGTAAAATTCTTTGGGACAACAAAAGCGTTTTTTACTTGTAAT,1N,FALSE,CLM,2,hBFA1
XV-80857-C-T,C,T,STOP_GAINED,RPL25,HIGH,NONSENSE,Q32*,NA,CTCGTAATGTGTAAAATTCTTTGGGACAACAAAAGCGTTTTTTACTTGTAAT,1N,FALSE,CLM,2,hBFA1
XV-80857-C-T,C,T,STOP_GAINED,RPL25,HIGH,NONSENSE,Q32*,NA,CTCGTAATGTGTAAAATTCTTTGGGACAACAAAAGCGTTTTTTACTTGTAAT,1N,FALSE,CLM,2,hBFA1
I-41062-C-T,C,T,STOP_GAINED,GPB2,HIGH,NONSENSE,Q602*,NA,CTGCAAATCGTCAATGCAATTGATTGGGTAAAACCAGATTTGGCATTCACTA,1N,FALSE,GlyEtOH,2,hBFA1
I-41062-C-T,C,T,STOP_GAINED,GPB2,HIGH,NONSENSE,Q602*,NA,CTGCAAATCGTCAATGCAATTGATTGGGTAAAACCAGATTTGGCATTCACTA,1N,FALSE,GlyEtOH,2,hBFA1
II-220345-T-A,T,A,NON_SYNONYMOUS_CODING,PDR3,MODERATE,MISSENSE,L959Q,NA,CTTACAAAGTTCAACATGTTTAACCGTACAAAACACGTTTTCGGCTTAGCAA,1N,FALSE,CLM,6,hBFA1
II-220345-T-A,T,A,NON_SYNONYMOUS_CODING,PDR3,MODERATE,MISSENSE,L959Q,NA,CTTACAAAGTTCAACATGTTTAACCGTACAAAACACGTTTTCGGCTTAGCAA,1N,FALSE,CLM,6,hBFA1
V-491300-C-T,C,T,UPSTREAM,YER158W-A,MODIFIER,NA,NA,NA,GAACAAACTAACAAACGGGTTGGTCTTTCCCAAGCGAATTATATTTTTGAGA,1N,FALSE,CLM,2,hBFA1
VII-470478-G-C,G,C,NON_SYNONYMOUS_CODING,PDR1,MODERATE,MISSENSE,F607L,NA,GAATTAACCAGGAAATCGCTTGACACTTCCCAAGCGAATTATATTTTTGAGA,1N,FALSE,CLM,1,hBFA1
VII-470478-G-C,G,C,NON_SYNONYMOUS_CODING,PDR1,MODERATE,MISSENSE,F607L,NA,GAATTAACCAGGAAATCGCTTGACACTTCCCAAGCGAATTATATTTTTGAGA,1N,FALSE,CLM,1,hBFA1
VII-470478-G-C,G,C,NON_SYNONYMOUS_CODING,PDR1,MODERATE,MISSENSE,F607L,NA,GAATTAACCAGGAAATCGCTTGACACTTCCCAAGCGAATTATATTTTTGAGA,1N,FALSE,CLM,1,hBFA1
VII-470478-G-C,G,C,NON_SYNONYMOUS_CODING,PDR1,MODERATE,MISSENSE,F607L,NA,GAATTAACCAGGAAATCGCTTGACACTTCCCAAGCGAATTATATTTTTGAGA,1N,FALSE,CLM,1,hBFA1
VII-470478-G-C,G,C,NON_SYNONYMOUS_CODING,PDR1,MODERATE,MISSENSE,F607L,NA,GAATTAACCAGGAAATCGCTTGACACTTCCCAAGCGAATTATATTTTTGAGA,1N,FALSE,CLM,1,hBFA1
VII-470478-G-C,G,C,NON_SYNONYMOUS_CODING,PDR1,MODERATE,MISSENSE,F607L,NA,GAATTAACCAGGAAATCGCTTGACACTTCCCAAGCGAATTATATTTTTGAGA,1N,FALSE,CLM,1,hBFA1
VII-470478-G-C,G,C,NON_SYNONYMOUS_CODING,PDR1,MODERATE,MISSENSE,F607L,NA,GAATTAACCAGGAAATCGCTTGACACTTCCCAAGCGAATTATATTTTTGAGA,1N,FALSE,CLM,1,hBFA1
VII-470478-G-C,G,C,NON_SYNONYMOUS_CODING,PDR1,MODERATE,MISSENSE,F607L,NA,GAATTAACCAGGAAATCGCTTGACACTTCCCAAGCGAATTATATTTTTGAGA,1N,FALSE,CLM,1,hBFA1
VII-470478-G-C,G,C,NON_SYNONYMOUS_CODING,PDR1,MODERATE,MISSENSE,F607L,NA,GAATTAACCAGGAAATCGCTTGACACTTCCCAAGCGAATTATATTTTTGAGA,1N,FALSE,CLM,1,hBFA1
VII-470478-G-C,G,C,NON_SYNONYMOUS_CODING,PDR1,MODERATE,MISSENSE,F607L,NA,GAATTAACCAGGAAATCGCTTGACACTTCCCAAGCGAATTATATTTTTGAGA,1N,FALSE,CLM,1,hBFA1
IV-64975-C-A,C,A,NON_SYNONYMOUS_CODING,CDC13,MODERATE,MISSENSE,R15L,NA,GAATTAACCAGGAAATCGCTTGACACTTCCCAAGCGAATTATATTTTTGAGA,1N,FALSE,CLM,1,hBFA1
IV-64975-C-A,C,A,NON_SYNONYMOUS_CODING,CDC13,MODERATE,MISSENSE,R15L,NA,GAATTAACCAGGAAATCGCTTGACACTTCCCAAGCGAATTATATTTTTGAGA,1N,FALSE,CLM,1,hBFA1
IV-64975-C-A,C,A,NON_SYNONYMOUS_CODING,CDC13,MODERATE,MISSENSE,R15L,NA,GAATTAACCAGGAAATCGCTTGACACTTCCCAAGCGAATTATATTTTTGAGA,1N,FALSE,CLM,1,hBFA1
IV-64975-C-A,C,A,NON_SYNONYMOUS_CODING,CDC13,MODERATE,MISSENSE,R15L,NA,GAATTAACCAGGAAATCGCTTGACACTTCCCAAGCGAATTATATTTTTGAGA,1N,FALSE,CLM,1,hBFA1
IV-64975-C-A,C,A,NON_SYNONYMOUS_CODING,CDC13,MODERATE,MISSENSE,R15L,NA,GAATTAACCAGGAAATCGCTTGACACTTCCCAAGCGAATTATATTTTTGAGA,1N,FALSE,CLM,1,hBFA1
IV-64975-C-A,C,A,NON_SYNONYMOUS_CODING,CDC13,MODERATE,MISSENSE,R15L,NA,GAATTAACCAGGAAATCGCTTGACACTTCCCAAGCGAATTATATTTTTGAGA,1N,FALSE,CLM,1,hBFA1
IV-64975-C-A,C,A,NON_SYNONYMOUS_CODING,CDC13,MODERATE,MISSENSE,R15L,NA,GAATTAACCAGGAAATCGCTTGACACTTCCCAAGCGAATTATATTTTTGAGA,1N,FALSE,CLM,1,hBFA1
IV-64975-C-A,C,A,NON_SYNONYMOUS_CODING,CDC13,MODERATE,MISSENSE,R15L,NA,GAATTAACCAGGAAATCGCTTGACACTTCCCAAGCGAATTATATTTTTGAGA,1N,FALSE,CLM,1,hBFA1
IV-64975-C-A,C,A,NON_SYNONYMOUS_CODING,CDC13,MODERATE,MISSENSE,R15L,NA,GAATTAACCAGGAAATCGCTTGACACTTCCCAAGCGAATTATATTTTTGAGA,1N,FALSE,CLM,1,hBFA1
IV-64975-C-A,C,A,NON_SYNONYMOUS_CODING,CDC13,MODERATE,MISSENSE,R15L,NA,GAATTAACCAGGAAATCGCTTGACACTTCCCAAGCGAATTATATTTTTGAGA,1N,FALSE,CLM,1,hBFA1
IV-667840-A-G,A,G,SYNONYMOUS_CODING,ARP10,LOW,SILENT,G279,NA,GAATTAACCAGGAAATCGCTTGACACTTCCCAAGCGAATTATATTTTTGAGA,1N,FALSE,CLM,1,hBFA1
IV-667840-A-G,A,G,SYNONYMOUS_CODING,ARP10,LOW,SILENT,G279,NA,GAATTAACCAGGAAATCGCTTGACACTTCCCAAGCGAATTATATTTTTGAGA,1N,FALSE,CLM,1,hBFA1
XVI-98510-G-A,G,A,NON_SYNONYMOUS_CODING,HSP82,MODERATE,MISSENSE,S39L,NA,GAATTAACCAGGAAATCGCTTGACACTTCCCAAGCGAATTATATTTTTGAGA,1N,FALSE,CLM,1,hBFA1
XVI-98510-G-A,G,A,NON_SYNONYMOUS_CODING,HSP82,MODERATE,MISSENSE,S39L,NA,GAATTAACCAGGAAATCGCTTGACACTTCCCAAGCGAATTATATTTTTGAGA,1N,FALSE,CLM,1,hBFA1
XIV-174136-A-T,A,T,SYNONYMOUS_CODING,NRD1,LOW,SILENT,S60,NA,GAGACAATATGGAACGGTGTTTGTCGTCCTAAACGGAATTTTTTCTTCACCT,1N,FALSE,FLC4,4,hBFA1
VII-469721-T-C,T,C,NON_SYNONYMOUS_CODING,PDR1,MODERATE,MISSENSE,N860D,NA,GAGACAATATGGAACGGTGTTTGTCGTCCTAAACGGAATTTTTTCTTCACCT,1N,FALSE,FLC4,4,hBFA1
VI-168330-C-T,C,T,NON_SYNONYMOUS_CODING,DCV1,MODERATE,MISSENSE,T148I,NA,GATCAAAATCAAAATAAGGTTTACAGGGTAAAACCAGATTTGGCATTCACTA,1N,FALSE,GlyEtOH,2,hBFA1
I-41062-C-T,C,T,STOP_GAINED,GPB2,HIGH,NONSENSE,Q602*,NA,GATCAAAATCAAAATAAGGTTTACAGGGTAAAACCAGATTTGGCATTCACTA,1N,FALSE,GlyEtOH,2,hBFA1
III-288937-G-A,G,A,STOP_GAINED,OCA4,HIGH,NONSENSE,Q108*,NA,GCCAAAAGAATAAAGCACTTTATCTCGCCGAAACAGGGTTGCGGGTTGGAGG,1N,FALSE,GlyEtOH,1,hBFA1
IV-794607-G-T,G,T,STOP_GAINED,YDR169C-A,HIGH,NONSENSE,C39*,NA,GCCAAAAGAATAAAGCACTTTATCTCGCCGAAACAGGGTTGCGGGTTGGAGG,1N,FALSE,GlyEtOH,1,hBFA1
IX-143033-G-A,G,A,NON_SYNONYMOUS_CODING,HIS5,MODERATE,MISSENSE,E36K,NA,GCGACAACGGGGAAGCCGGTTGGGGGCAACAAAAGCGTTTTTTACTTGTAAT,1N,FALSE,CLM,1,hBFA1
IX-143033-G-A,G,A,NON_SYNONYMOUS_CODING,HIS5,MODERATE,MISSENSE,E36K,NA,GCGACAACGGGGAAGCCGGTTGGGGGCAACAAAAGCGTTTTTTACTTGTAAT,1N,FALSE,CLM,1,hBFA1
VII-470059-C-G,C,G,NON_SYNONYMOUS_CODING,PDR1,MODERATE,MISSENSE,R747P,NA,GCGACAACGGGGAAGCCGGTTGGGGGCAACAAAAGCGTTTTTTACTTGTAAT,1N,FALSE,CLM,1,hBFA1
VII-470059-C-G,C,G,NON_SYNONYMOUS_CODING,PDR1,MODERATE,MISSENSE,R747P,NA,GCGACAACGGGGAAGCCGGTTGGGGGCAACAAAAGCGTTTTTTACTTGTAAT,1N,FALSE,CLM,1,hBFA1
IV-1452996-G-T,G,T,DOWNSTREAM,PLM2,MODIFIER,NA,NA,NA,GCGACAACGGGGAAGCCGGTTGGGGGCAACAAAAGCGTTTTTTACTTGTAAT,1N,FALSE,CLM,1,hBFA1
IV-1452996-G-T,G,T,DOWNSTREAM,PLM2,MODIFIER,NA,NA,NA,GCGACAACGGGGAAGCCGGTTGGGGGCAACAAAAGCGTTTTTTACTTGTAAT,1N,FALSE,CLM,1,hBFA1
III-288937-G-A,G,A,STOP_GAINED,OCA4,HIGH,NONSENSE,Q108*,NA,GCGTAAATTGCGAATGTCTTTAAGTTGCCGAAACAGGGTTGCGGGTTGGAGG,1N,FALSE,GlyEtOH,1,hBFA1
VII-469698-T-G,T,G,NON_SYNONYMOUS_CODING,PDR1,MODERATE,MISSENSE,L867F,NA,GCTACAATTCAGAAGGAAGTTCGATATTGAGAATTTCATTATGGCTTTTCTG,1N,FALSE,CLM,2,hBFA1
VII-469698-T-G,T,G,NON_SYNONYMOUS_CODING,PDR1,MODERATE,MISSENSE,L867F,NA,GCTACAATTCAGAAGGAAGTTCGATATTGAGAATTTCATTATGGCTTTTCTG,1N,FALSE,CLM,2,hBFA1
VII-469698-T-G,T,G,NON_SYNONYMOUS_CODING,PDR1,MODERATE,MISSENSE,L867F,NA,GCTACAATTCAGAAGGAAGTTCGATATTGAGAATTTCATTATGGCTTTTCTG,1N,FALSE,CLM,2,hBFA1
VII-469698-T-G,T,G,NON_SYNONYMOUS_CODING,PDR1,MODERATE,MISSENSE,L867F,NA,GCTACAATTCAGAAGGAAGTTCGATATTGAGAATTTCATTATGGCTTTTCTG,1N,FALSE,CLM,2,hBFA1
II-120825-G-A,G,A,SYNONYMOUS_CODING,SAS3,LOW,SILENT,V350,NA,GCTACAATTCAGAAGGAAGTTCGATATTGAGAATTTCATTATGGCTTTTCTG,1N,FALSE,CLM,2,hBFA1
II-120825-G-A,G,A,SYNONYMOUS_CODING,SAS3,LOW,SILENT,V350,NA,GCTACAATTCAGAAGGAAGTTCGATATTGAGAATTTCATTATGGCTTTTCTG,1N,FALSE,CLM,2,hBFA1
XI-227211-C-A,C,A,NON_SYNONYMOUS_CODING,ABF1,MODERATE,MISSENSE,D214E,NA,GCTACAATTCAGAAGGAAGTTCGATATTGAGAATTTCATTATGGCTTTTCTG,1N,FALSE,CLM,2,hBFA1
XI-227211-C-A,C,A,NON_SYNONYMOUS_CODING,ABF1,MODERATE,MISSENSE,D214E,NA,GCTACAATTCAGAAGGAAGTTCGATATTGAGAATTTCATTATGGCTTTTCTG,1N,FALSE,CLM,2,hBFA1
XVI-452501-A-G,A,G,NON_SYNONYMOUS_CODING,SUR1,MODERATE,MISSENSE,L186S,NA,GCTATAAGAATAAACCACTTTTAGCCTCCTAAACGGAATTTTTTCTTCACCT,1N,FALSE,FLC4,5,hBFA1
VII-469858-G-T,G,T,NON_SYNONYMOUS_CODING,PDR1,MODERATE,MISSENSE,S814Y,NA,GCTCTAAGAAAGAAATGCGTTGCTAGTACAAAACACGTTTTCGGCTTAGCAA,1N,FALSE,CLM,2,hBFA1
VII-469858-G-T,G,T,NON_SYNONYMOUS_CODING,PDR1,MODERATE,MISSENSE,S814Y,NA,GCTCTAAGAAAGAAATGCGTTGCTAGTACAAAACACGTTTTCGGCTTAGCAA,1N,FALSE,CLM,2,hBFA1
VII-469858-G-T,G,T,NON_SYNONYMOUS_CODING,PDR1,MODERATE,MISSENSE,S814Y,NA,GCTCTAAGAAAGAAATGCGTTGCTAGTACAAAACACGTTTTCGGCTTAGCAA,1N,FALSE,CLM,2,hBFA1
VII-469858-G-T,G,T,NON_SYNONYMOUS_CODING,PDR1,MODERATE,MISSENSE,S814Y,NA,GCTCTAAGAAAGAAATGCGTTGCTAGTACAAAACACGTTTTCGGCTTAGCAA,1N,FALSE,CLM,2,hBFA1
VII-469858-G-T,G,T,NON_SYNONYMOUS_CODING,PDR1,MODERATE,MISSENSE,S814Y,NA,GCTCTAAGAAAGAAATGCGTTGCTAGTACAAAACACGTTTTCGGCTTAGCAA,1N,FALSE,CLM,2,hBFA1
VII-469858-G-T,G,T,NON_SYNONYMOUS_CODING,PDR1,MODERATE,MISSENSE,S814Y,NA,GCTCTAAGAAAGAAATGCGTTGCTAGTACAAAACACGTTTTCGGCTTAGCAA,1N,FALSE,CLM,2,hBFA1
V-517533-TAAGCCTTAGAAGCCTTAG-T,TAAGCCTTAGAAGCCTTAG,T,DOWNSTREAM,DNF1,MODIFIER,NA,NA,NA,GCTCTAAGAAAGAAATGCGTTGCTAGTACAAAACACGTTTTCGGCTTAGCAA,1N,TRUE,CLM,2,hBFA1
V-517533-TAAGCCTTAGAAGCCTTAG-T,TAAGCCTTAGAAGCCTTAG,T,DOWNSTREAM,DNF1,MODIFIER,NA,NA,NA,GCTCTAAGAAAGAAATGCGTTGCTAGTACAAAACACGTTTTCGGCTTAGCAA,1N,TRUE,CLM,2,hBFA1
V-517533-TAAGCCTTAGAAGCCTTAG-T,TAAGCCTTAGAAGCCTTAG,T,DOWNSTREAM,DNF1,MODIFIER,NA,NA,NA,GCTCTAAGAAAGAAATGCGTTGCTAGTACAAAACACGTTTTCGGCTTAGCAA,1N,TRUE,CLM,2,hBFA1
V-517533-TAAGCCTTAGAAGCCTTAG-T,TAAGCCTTAGAAGCCTTAG,T,DOWNSTREAM,DNF1,MODIFIER,NA,NA,NA,GCTCTAAGAAAGAAATGCGTTGCTAGTACAAAACACGTTTTCGGCTTAGCAA,1N,TRUE,CLM,2,hBFA1
V-517533-TAAGCCTTAGAAGCCTTAG-T,TAAGCCTTAGAAGCCTTAG,T,DOWNSTREAM,DNF1,MODIFIER,NA,NA,NA,GCTCTAAGAAAGAAATGCGTTGCTAGTACAAAACACGTTTTCGGCTTAGCAA,1N,TRUE,CLM,2,hBFA1
V-517533-TAAGCCTTAGAAGCCTTAG-T,TAAGCCTTAGAAGCCTTAG,T,DOWNSTREAM,DNF1,MODIFIER,NA,NA,NA,GCTCTAAGAAAGAAATGCGTTGCTAGTACAAAACACGTTTTCGGCTTAGCAA,1N,TRUE,CLM,2,hBFA1
VIII-55375-G-A,G,A,SYNONYMOUS_CODING,SNF6,LOW,SILENT,A175,NA,GCTCTAAGAAAGAAATGCGTTGCTAGTACAAAACACGTTTTCGGCTTAGCAA,1N,FALSE,CLM,2,hBFA1
VIII-55375-G-A,G,A,SYNONYMOUS_CODING,SNF6,LOW,SILENT,A175,NA,GCTCTAAGAAAGAAATGCGTTGCTAGTACAAAACACGTTTTCGGCTTAGCAA,1N,FALSE,CLM,2,hBFA1
XVI-857722-A-C,A,C,NON_SYNONYMOUS_CODING,KRE6,MODERATE,MISSENSE,D47A,protein_coding,GGATGAAACAACAACCTTTTTTAGCCGGTAAAACCAGATTTGGCATTCACTA,1N,FALSE,GlyEtOH,2,hBFA1
XVI-857722-A-C,A,C,NON_SYNONYMOUS_CODING,KRE6,MODERATE,MISSENSE,D47A,NA,GGATGAAACAACAACCTTTTTTAGCCGGTAAAACCAGATTTGGCATTCACTA,1N,FALSE,GlyEtOH,2,hBFA1
I-41062-C-T,C,T,STOP_GAINED,GPB2,HIGH,NONSENSE,Q602*,NA,GGATGAAACAACAACCTTTTTTAGCCGGTAAAACCAGATTTGGCATTCACTA,1N,FALSE,GlyEtOH,2,hBFA1
III-288937-G-A,G,A,STOP_GAINED,OCA4,HIGH,NONSENSE,Q108*,NA,GGCTCAAGTGAAAATACTATTAGCGCGCCGAAACAGGGTTGCGGGTTGGAGG,1N,FALSE,GlyEtOH,1,hBFA1
IV-1329344-T-C,T,C,SYNONYMOUS_CODING,NPL3,LOW,SILENT,L188,NA,GGCTCAAGTGAAAATACTATTAGCGCGCCGAAACAGGGTTGCGGGTTGGAGG,1N,FALSE,GlyEtOH,1,hBFA1
XIV-681610-C-T,C,T,NON_SYNONYMOUS_CODING,SSK2,MODERATE,MISSENSE,G1275D,NA,GGCTCAAGTGAAAATACTATTAGCGCGCCGAAACAGGGTTGCGGGTTGGAGG,1N,FALSE,GlyEtOH,1,hBFA1
I-166343-T-G,T,G,DOWNSTREAM,BUD14,MODIFIER,NA,NA,NA,GGCTCAAGTGAAAATACTATTAGCGCGCCGAAACAGGGTTGCGGGTTGGAGG,1N,FALSE,GlyEtOH,1,hBFA1
VII-528947-AT-A,AT,A,DOWNSTREAM,YGR022C,MODIFIER,NA,NA,NA,GGCTCAAGTGAAAATACTATTAGCGCGCCGAAACAGGGTTGCGGGTTGGAGG,1N,TRUE,GlyEtOH,1,hBFA1
IX-252609-C-G,C,G,NON_SYNONYMOUS_CODING,YIL055C,MODERATE,MISSENSE,L439F,NA,GGGCAAAAGCTTAATCAAATTGCACGAATAGAATCATCTTACTTCTTATTAC,1N,FALSE,GlyEtOH,11,hBFA1
VI-152487-G-T,G,T,NON_SYNONYMOUS_CODING,NIC96,MODERATE,MISSENSE,M824I,NA,GGGCAAAAGCTTAATCAAATTGCACGAATAGAATCATCTTACTTCTTATTAC,1N,FALSE,GlyEtOH,11,hBFA1
XV-175448-TA-T,TA,T,FRAME_SHIFT,IRA2,HIGH,NONE,I1463,NA,GGGCAAAAGCTTAATCAAATTGCACGAATAGAATCATCTTACTTCTTATTAC,1N,TRUE,GlyEtOH,11,hBFA1
IV-376163-T-G,T,G,SYNONYMOUS_CODING,PRP11,LOW,SILENT,L106,NA,GGGTCAAACATGAACAGGTTTGACACTTTGAAAAGAATTTGTCGTTTTTGTC,1N,FALSE,FLC4,5,hBFA1
XVI-453057-T-C,T,C,START_LOST,SUR1,HIGH,MISSENSE,M1V,NA,GGGTCAAACATGAACAGGTTTGACACTTTGAAAAGAATTTGTCGTTTTTGTC,1N,FALSE,FLC4,5,hBFA1
VII-661575-G-GTTGGAATAGAAATCAACTATCATCTACTAACTAGTATTTACATTACTAGTATATTATCATATACG.,G,GTTGGAATAGAAATCAACTATCATCTACTAACTAGTATTTACATTACTAGTATATTATCATATACG.,UPSTREAM,UTP22,MODIFIER,NA,NA,NA,GGGTCAAACATGAACAGGTTTGACACTTTGAAAAGAATTTGTCGTTTTTGTC,1N,TRUE,FLC4,5,hBFA1
XVI-452406-T-A,T,A,STOP_GAINED,SUR1,HIGH,NONSENSE,R218*,NA,GTACGAATCAGGAATTTGATTGCAAATCCTAAACGGAATTTTTTCTTCACCT,1N,FALSE,FLC4,5,hBFA1
XVI-689417-A-ATGTTGGAATAGAAATCAACTATCATCTACTAACTAGTATTTACATTACTAGTATATTATCATATACG.,A,ATGTTGGAATAGAAATCAACTATCATCTACTAACTAGTATTTACATTACTAGTATATTATCATATACG.,DOWNSTREAM,YPR071W,MODIFIER,NA,NA,NA,GTACGAATCAGGAATTTGATTGCAAATCCTAAACGGAATTTTTTCTTCACCT,1N,TRUE,FLC4,5,hBFA1
VII-470158-A-C,A,C,NON_SYNONYMOUS_CODING,PDR1,MODERATE,MISSENSE,L714R,NA,GTAGGAAACGTCAAACAAGTTATCTCTTCCCAAGCGAATTATATTTTTGAGA,1N,FALSE,CLM,1,hBFA1
VII-470158-A-C,A,C,NON_SYNONYMOUS_CODING,PDR1,MODERATE,MISSENSE,L714R,NA,GTAGGAAACGTCAAACAAGTTATCTCTTCCCAAGCGAATTATATTTTTGAGA,1N,FALSE,CLM,1,hBFA1
VII-470158-A-C,A,C,NON_SYNONYMOUS_CODING,PDR1,MODERATE,MISSENSE,L714R,NA,GTAGGAAACGTCAAACAAGTTATCTCTTCCCAAGCGAATTATATTTTTGAGA,1N,FALSE,CLM,1,hBFA1
VII-470158-A-C,A,C,NON_SYNONYMOUS_CODING,PDR1,MODERATE,MISSENSE,L714R,NA,GTAGGAAACGTCAAACAAGTTATCTCTTCCCAAGCGAATTATATTTTTGAGA,1N,FALSE,CLM,1,hBFA1
VII-470158-A-C,A,C,NON_SYNONYMOUS_CODING,PDR1,MODERATE,MISSENSE,L714R,NA,GTAGGAAACGTCAAACAAGTTATCTCTTCCCAAGCGAATTATATTTTTGAGA,1N,FALSE,CLM,1,hBFA1
VII-470158-A-C,A,C,NON_SYNONYMOUS_CODING,PDR1,MODERATE,MISSENSE,L714R,NA,GTAGGAAACGTCAAACAAGTTATCTCTTCCCAAGCGAATTATATTTTTGAGA,1N,FALSE,CLM,1,hBFA1
VII-470158-A-C,A,C,NON_SYNONYMOUS_CODING,PDR1,MODERATE,MISSENSE,L714R,NA,GTAGGAAACGTCAAACAAGTTATCTCTTCCCAAGCGAATTATATTTTTGAGA,1N,FALSE,CLM,1,hBFA1
VII-470158-A-C,A,C,NON_SYNONYMOUS_CODING,PDR1,MODERATE,MISSENSE,L714R,NA,GTAGGAAACGTCAAACAAGTTATCTCTTCCCAAGCGAATTATATTTTTGAGA,1N,FALSE,CLM,1,hBFA1
VII-470158-A-C,A,C,NON_SYNONYMOUS_CODING,PDR1,MODERATE,MISSENSE,L714R,NA,GTAGGAAACGTCAAACAAGTTATCTCTTCCCAAGCGAATTATATTTTTGAGA,1N,FALSE,CLM,1,hBFA1
VII-470158-A-C,A,C,NON_SYNONYMOUS_CODING,PDR1,MODERATE,MISSENSE,L714R,NA,GTAGGAAACGTCAAACAAGTTATCTCTTCCCAAGCGAATTATATTTTTGAGA,1N,FALSE,CLM,1,hBFA1
X-273128-C-T,C,T,NON_SYNONYMOUS_CODING,EXO70,MODERATE,MISSENSE,T101I,NA,GTAGGAAACGTCAAACAAGTTATCTCTTCCCAAGCGAATTATATTTTTGAGA,1N,FALSE,CLM,1,hBFA1
X-273128-C-T,C,T,NON_SYNONYMOUS_CODING,EXO70,MODERATE,MISSENSE,T101I,NA,GTAGGAAACGTCAAACAAGTTATCTCTTCCCAAGCGAATTATATTTTTGAGA,1N,FALSE,CLM,1,hBFA1
XII-558089-T-C,T,C,SYNONYMOUS_CODING,HRD3,LOW,SILENT,I434,NA,GTAGGAAACGTCAAACAAGTTATCTCTTCCCAAGCGAATTATATTTTTGAGA,1N,FALSE,CLM,1,hBFA1
XII-558089-T-C,T,C,SYNONYMOUS_CODING,HRD3,LOW,SILENT,I434,NA,GTAGGAAACGTCAAACAAGTTATCTCTTCCCAAGCGAATTATATTTTTGAGA,1N,FALSE,CLM,1,hBFA1
XIII-616663-C-T,C,T,NON_SYNONYMOUS_CODING,MMT1,MODERATE,MISSENSE,T33I,NA,GTAGGAAACGTCAAACAAGTTATCTCTTCCCAAGCGAATTATATTTTTGAGA,1N,FALSE,CLM,1,hBFA1
XIII-616663-C-T,C,T,NON_SYNONYMOUS_CODING,MMT1,MODERATE,MISSENSE,T33I,NA,GTAGGAAACGTCAAACAAGTTATCTCTTCCCAAGCGAATTATATTTTTGAGA,1N,FALSE,CLM,1,hBFA1
II-181518-C-G,C,G,DOWNSTREAM,HAP3,MODIFIER,NA,NA,NA,GTAGGAAACGTCAAACAAGTTATCTCTTCCCAAGCGAATTATATTTTTGAGA,1N,FALSE,CLM,1,hBFA1
II-181518-C-G,C,G,DOWNSTREAM,HAP3,MODIFIER,NA,NA,NA,GTAGGAAACGTCAAACAAGTTATCTCTTCCCAAGCGAATTATATTTTTGAGA,1N,FALSE,CLM,1,hBFA1
XV-709743-G-A,G,A,UPSTREAM,YOR192C-B,MODIFIER,NA,NA,NA,GTAGGAAACGTCAAACAAGTTATCTCTTCCCAAGCGAATTATATTTTTGAGA,1N,FALSE,CLM,1,hBFA1
XV-709743-G-A,G,A,UPSTREAM,YOR192C-B,MODIFIER,NA,NA,NA,GTAGGAAACGTCAAACAAGTTATCTCTTCCCAAGCGAATTATATTTTTGAGA,1N,FALSE,CLM,1,hBFA1
XVI-452710-G-T,G,T,STOP_GAINED,SUR1,HIGH,NONSENSE,Y116*,NA,GTCATAATTTCGAAGGAACTTGAAAGTTTGAAAAGAATTTGTCGTTTTTGTC,1N,FALSE,FLC4,5,hBFA1
X-246952-A-G,A,G,NON_SYNONYMOUS_CODING,MRPL49,MODERATE,MISSENSE,I155V,NA,GTCCCAACTCGGAAAACACTTCGCAGTTTGAAAAGAATTTGTCGTTTTTGTC,1N,FALSE,FLC4,7,hBFA1
IV-918354-G-A,G,A,NON_SYNONYMOUS_CODING,SIR4,MODERATE,MISSENSE,D262N,NA,GTCCCAACTCGGAAAACACTTCGCAGTTTGAAAAGAATTTGTCGTTTTTGTC,1N,FALSE,FLC4,7,hBFA1
IV-1264095-TG-T,TG,T,FRAME_SHIFT,SXM1,HIGH,NONE,G259,NA,GTCCCAACTCGGAAAACACTTCGCAGTTTGAAAAGAATTTGTCGTTTTTGTC,1N,TRUE,FLC4,7,hBFA1
XV-957052-T-C,T,C,NON_SYNONYMOUS_CODING,YOR338W,MODERATE,MISSENSE,L52S,NA,GTCCCAACTCGGAAAACACTTCGCAGTTTGAAAAGAATTTGTCGTTTTTGTC,1N,FALSE,FLC4,7,hBFA1
X-740528-C-A,C,A,UPSTREAM,MPH3,MODIFIER,NA,NA,protein_coding,GTGATAAGGGGTAAACTTTTTCGTGCGGTAAAACCAGATTTGGCATTCACTA,1N,FALSE,GlyEtOH,2,hBFA1
X-740528-C-A,C,A,UPSTREAM,MPH3,MODIFIER,NA,NA,protein_coding,GTGATAAGGGGTAAACTTTTTCGTGCGGTAAAACCAGATTTGGCATTCACTA,1N,FALSE,GlyEtOH,2,hBFA1
VIII-158034-C-T,C,T,NON_SYNONYMOUS_CODING,MAS2,MODERATE,MISSENSE,V387I,NA,GTGATAAGGGGTAAACTTTTTCGTGCGGTAAAACCAGATTTGGCATTCACTA,1N,FALSE,GlyEtOH,2,hBFA1
VIII-158034-C-T,C,T,NON_SYNONYMOUS_CODING,MAS2,MODERATE,MISSENSE,V387I,NA,GTGATAAGGGGTAAACTTTTTCGTGCGGTAAAACCAGATTTGGCATTCACTA,1N,FALSE,GlyEtOH,2,hBFA1
I-41062-C-T,C,T,STOP_GAINED,GPB2,HIGH,NONSENSE,Q602*,NA,GTGATAAGGGGTAAACTTTTTCGTGCGGTAAAACCAGATTTGGCATTCACTA,1N,FALSE,GlyEtOH,2,hBFA1
I-41062-C-T,C,T,STOP_GAINED,GPB2,HIGH,NONSENSE,Q602*,NA,GTGATAAGGGGTAAACTTTTTCGTGCGGTAAAACCAGATTTGGCATTCACTA,1N,FALSE,GlyEtOH,2,hBFA1
II-220356-T-C,T,C,NON_SYNONYMOUS_CODING,PDR3,MODERATE,MISSENSE,Y963H,NA,GTGTAAATTTTGAAGTGTGTTGTCCCCAACAAAAGCGTTTTTTACTTGTAAT,1N,FALSE,CLM,1,hBFA1
II-220356-T-C,T,C,NON_SYNONYMOUS_CODING,PDR3,MODERATE,MISSENSE,Y963H,NA,GTGTAAATTTTGAAGTGTGTTGTCCCCAACAAAAGCGTTTTTTACTTGTAAT,1N,FALSE,CLM,1,hBFA1
II-220356-T-C,T,C,NON_SYNONYMOUS_CODING,PDR3,MODERATE,MISSENSE,Y963H,NA,GTGTAAATTTTGAAGTGTGTTGTCCCCAACAAAAGCGTTTTTTACTTGTAAT,1N,FALSE,CLM,1,hBFA1
II-220356-T-C,T,C,NON_SYNONYMOUS_CODING,PDR3,MODERATE,MISSENSE,Y963H,NA,GTGTAAATTTTGAAGTGTGTTGTCCCCAACAAAAGCGTTTTTTACTTGTAAT,1N,FALSE,CLM,1,hBFA1
I-41062-C-T,C,T,STOP_GAINED,GPB2,HIGH,NONSENSE,Q602*,NA,GTTAGAATCGAAAAGCTTTTTTGAAAGGTAAAACCAGATTTGGCATTCACTA,1N,FALSE,GlyEtOH,2,hBFA1
XV-178741-G-T,G,T,STOP_GAINED,IRA2,HIGH,NONSENSE,E2558*,NA,TAAACAAAGCCGAATTGTATTGGGCGAATAGAATCATCTTACTTCTTATTAC,1N,FALSE,GlyEtOH,11,hBFA1
VIII-368274-C-A,C,A,DOWNSTREAM,ECM14,MODIFIER,NA,NA,NA,TAAACAAAGCCGAATTGTATTGGGCGAATAGAATCATCTTACTTCTTATTAC,1N,FALSE,GlyEtOH,11,hBFA1
X-149249-C-T,C,T,NON_SYNONYMOUS_CODING,YAK1,MODERATE,MISSENSE,G381D,NA,TAATGAATTGCGAAATAGGTTACTCGAGGAGAACGGGGTTGGGGGTTGGGGG,1N,FALSE,GlyEtOH,5,hBFA1
XVI-418169-T-G,T,G,DOWNSTREAM,YTA6,MODIFIER,NA,NA,NA,TAATGAATTGCGAAATAGGTTACTCGAGGAGAACGGGGTTGGGGGTTGGGGG,1N,FALSE,GlyEtOH,5,hBFA1
VI-235012-T-C,T,C,SYNONYMOUS_CODING,SAP155,LOW,SILENT,G257,NA,TACAAAAATTCTAACGTCCTTAGCTTTCCTAAACGGAATTTTTTCTTCACCT,1N,FALSE,FLC4,5,hBFA1
XVI-451982-G-T,G,T,STOP_GAINED,SUR1,HIGH,NONSENSE,S359*,NA,TACAAAAATTCTAACGTCCTTAGCTTTCCTAAACGGAATTTTTTCTTCACCT,1N,FALSE,FLC4,5,hBFA1
VII-470826-T-G,T,G,NON_SYNONYMOUS_CODING,PDR1,MODERATE,MISSENSE,E491D,NA,TACGTAATCTTAAAATGCATTCACAATTCCCAAGCGAATTATATTTTTGAGA,1N,FALSE,CLM,1,hBFA1
VII-470826-T-G,T,G,NON_SYNONYMOUS_CODING,PDR1,MODERATE,MISSENSE,E491D,NA,TACGTAATCTTAAAATGCATTCACAATTCCCAAGCGAATTATATTTTTGAGA,1N,FALSE,CLM,1,hBFA1
XIV-361406-G-C,G,C,NON_SYNONYMOUS_CODING,YNL140C,MODERATE,MISSENSE,S27R,NA,TACGTAATCTTAAAATGCATTCACAATTCCCAAGCGAATTATATTTTTGAGA,1N,FALSE,CLM,1,hBFA1
XIV-361406-G-C,G,C,NON_SYNONYMOUS_CODING,YNL140C,MODERATE,MISSENSE,S27R,NA,TACGTAATCTTAAAATGCATTCACAATTCCCAAGCGAATTATATTTTTGAGA,1N,FALSE,CLM,1,hBFA1
VII-469937-T-C,T,C,NON_SYNONYMOUS_CODING,PDR1,MODERATE,MISSENSE,I788V,NA,TAGACAAAAAGTAAGGAGATTACTATTTCCCAAGCGAATTATATTTTTGAGA,1N,FALSE,CLM,2,hBFA1
V-116410-G-T,G,T,NON_SYNONYMOUS_CODING,URA3,MODERATE,MISSENSE,A82S,NA,TAGACAAAAAGTAAGGAGATTACTATTTCCCAAGCGAATTATATTTTTGAGA,1N,FALSE,CLM,2,hBFA1
IV-250383-A-G,A,G,SYNONYMOUS_CODING,CYK3,LOW,SILENT,E601,NA,TAGACAAAAAGTAAGGAGATTACTATTTCCCAAGCGAATTATATTTTTGAGA,1N,FALSE,CLM,2,hBFA1
XIV-682529-TC-T,TC,T,FRAME_SHIFT,SSK2,HIGH,NONE,L968,NA,TAGTGAATTGAAAACGCGTTTGGGGTAGGAGAACGGGGTTGGGGGTTGGGGG,1N,TRUE,GlyEtOH,3,hBFA1
V-492241-C-T,C,T,UPSTREAM,BUR6,MODIFIER,NA,NA,NA,TAGTGAATTGAAAACGCGTTTGGGGTAGGAGAACGGGGTTGGGGGTTGGGGG,1N,FALSE,GlyEtOH,3,hBFA1
XI-271474-A-C,A,C,UPSTREAM,CUE2,MODIFIER,NA,NA,NA,TATCAAAATGGGAATTACTTTGGAGCTTTGAAAAGAATTTGTCGTTTTTGTC,1N,FALSE,FLC4,12,hBFA1
VII-469858-G-T,G,T,NON_SYNONYMOUS_CODING,PDR1,MODERATE,MISSENSE,S814Y,NA,TATCAAAATGGGAATTACTTTGGAGCTTTGAAAAGAATTTGTCGTTTTTGTC,1N,FALSE,FLC4,12,hBFA1
XIV-647902-C-A,C,A,STOP_GAINED,URK1,HIGH,NONSENSE,Y157*,NA,TATCAAAATGGGAATTACTTTGGAGCTTTGAAAAGAATTTGTCGTTTTTGTC,1N,FALSE,FLC4,12,hBFA1
II-219511-C-A,C,A,NON_SYNONYMOUS_CODING,PDR3,MODERATE,MISSENSE,A681E,NA,TATGTAAACCACAAGGGCGTTGTGAGTTCCCAAGCGAATTATATTTTTGAGA,1N,FALSE,CLM,7,hBFA1
II-219511-C-A,C,A,NON_SYNONYMOUS_CODING,PDR3,MODERATE,MISSENSE,A681E,NA,TATGTAAACCACAAGGGCGTTGTGAGTTCCCAAGCGAATTATATTTTTGAGA,1N,FALSE,CLM,7,hBFA1
XII-370156-G-A,G,A,UPSTREAM,CCW12,MODIFIER,NA,NA,NA,TCAGAAAGTGGAAAGGAGCTTTAGAATCCTAAACGGAATTTTTTCTTCACCT,1N,FALSE,FLC4,10,hBFA1
XV-622574-C-G,C,G,NON_SYNONYMOUS_CODING,PDR5,MODERATE,MISSENSE,T912S,NA,TCAGAAAGTGGAAAGGAGCTTTAGAATCCTAAACGGAATTTTTTCTTCACCT,1N,FALSE,FLC4,10,hBFA1
IV-438906-T-A,T,A,NON_SYNONYMOUS_CODING,RPT2,MODERATE,MISSENSE,I287N,NA,TCAGAAAGTGGAAAGGAGCTTTAGAATCCTAAACGGAATTTTTTCTTCACCT,1N,FALSE,FLC4,10,hBFA1
VII-470768-A-C,A,C,NON_SYNONYMOUS_CODING,PDR1,MODERATE,MISSENSE,F511V,NA,TCCCCAAGTAGGAAGGTAATTCGGATAGCTTAAGCGATTTATCGTTTCATCC,1N,FALSE,CLM,2,hBFA1
VII-470768-A-C,A,C,NON_SYNONYMOUS_CODING,PDR1,MODERATE,MISSENSE,F511V,NA,TCCCCAAGTAGGAAGGTAATTCGGATAGCTTAAGCGATTTATCGTTTCATCC,1N,FALSE,CLM,2,hBFA1
VII-470768-A-C,A,C,NON_SYNONYMOUS_CODING,PDR1,MODERATE,MISSENSE,F511V,NA,TCCCCAAGTAGGAAGGTAATTCGGATAGCTTAAGCGATTTATCGTTTCATCC,1N,FALSE,CLM,2,hBFA1
VII-470768-A-C,A,C,NON_SYNONYMOUS_CODING,PDR1,MODERATE,MISSENSE,F511V,NA,TCCCCAAGTAGGAAGGTAATTCGGATAGCTTAAGCGATTTATCGTTTCATCC,1N,FALSE,CLM,2,hBFA1
VII-470768-A-C,A,C,NON_SYNONYMOUS_CODING,PDR1,MODERATE,MISSENSE,F511V,NA,TCCCCAAGTAGGAAGGTAATTCGGATAGCTTAAGCGATTTATCGTTTCATCC,1N,FALSE,CLM,2,hBFA1
VII-470768-A-C,A,C,NON_SYNONYMOUS_CODING,PDR1,MODERATE,MISSENSE,F511V,NA,TCCCCAAGTAGGAAGGTAATTCGGATAGCTTAAGCGATTTATCGTTTCATCC,1N,FALSE,CLM,2,hBFA1
VII-470768-A-C,A,C,NON_SYNONYMOUS_CODING,PDR1,MODERATE,MISSENSE,F511V,NA,TCCCCAAGTAGGAAGGTAATTCGGATAGCTTAAGCGATTTATCGTTTCATCC,1N,FALSE,CLM,2,hBFA1
VII-470768-A-C,A,C,NON_SYNONYMOUS_CODING,PDR1,MODERATE,MISSENSE,F511V,NA,TCCCCAAGTAGGAAGGTAATTCGGATAGCTTAAGCGATTTATCGTTTCATCC,1N,FALSE,CLM,2,hBFA1
VII-470768-A-C,A,C,NON_SYNONYMOUS_CODING,PDR1,MODERATE,MISSENSE,F511V,NA,TCCCCAAGTAGGAAGGTAATTCGGATAGCTTAAGCGATTTATCGTTTCATCC,1N,FALSE,CLM,2,hBFA1
VII-470768-A-C,A,C,NON_SYNONYMOUS_CODING,PDR1,MODERATE,MISSENSE,F511V,NA,TCCCCAAGTAGGAAGGTAATTCGGATAGCTTAAGCGATTTATCGTTTCATCC,1N,FALSE,CLM,2,hBFA1
XII-731985-G-.ACAATGGAATCCCAACAATTATCTCAACATTCACCCATTTCTCAG,G,.ACAATGGAATCCCAACAATTATCTCAACATTCACCCATTTCTCAG,DOWNSTREAM,YLR302C,MODIFIER,NA,NA,NA,TCCCCAAGTAGGAAGGTAATTCGGATAGCTTAAGCGATTTATCGTTTCATCC,1N,TRUE,CLM,2,hBFA1
XII-731985-G-.ACAATGGAATCCCAACAATTATCTCAACATTCACCCATTTCTCAG,G,.ACAATGGAATCCCAACAATTATCTCAACATTCACCCATTTCTCAG,DOWNSTREAM,YLR302C,MODIFIER,NA,NA,NA,TCCCCAAGTAGGAAGGTAATTCGGATAGCTTAAGCGATTTATCGTTTCATCC,1N,TRUE,CLM,2,hBFA1
XII-731985-G-.ATAGCCTTTATCAACAATGGAATCCCAACAATTATCTCAACATTCACCCATTTCTCAG,G,.ATAGCCTTTATCAACAATGGAATCCCAACAATTATCTCAACATTCACCCATTTCTCAG,DOWNSTREAM,YLR302C,MODIFIER,NA,NA,NA,TCCCCAAGTAGGAAGGTAATTCGGATAGCTTAAGCGATTTATCGTTTCATCC,1N,TRUE,CLM,2,hBFA1
XII-731985-G-.ATAGCCTTTATCAACAATGGAATCCCAACAATTATCTCAACATTCACCCATTTCTCAG,G,.ATAGCCTTTATCAACAATGGAATCCCAACAATTATCTCAACATTCACCCATTTCTCAG,DOWNSTREAM,YLR302C,MODIFIER,NA,NA,NA,TCCCCAAGTAGGAAGGTAATTCGGATAGCTTAAGCGATTTATCGTTTCATCC,1N,TRUE,CLM,2,hBFA1
XII-731985-G-.CCTAATATTATAGCCTTTATCAACAATGGAATCCCAACAATTATCTCAACATTCACCCATTTCTCAG,G,.CCTAATATTATAGCCTTTATCAACAATGGAATCCCAACAATTATCTCAACATTCACCCATTTCTCAG,DOWNSTREAM,YLR302C,MODIFIER,NA,NA,NA,TCCCCAAGTAGGAAGGTAATTCGGATAGCTTAAGCGATTTATCGTTTCATCC,1N,TRUE,CLM,2,hBFA1
XII-731985-G-.CCTAATATTATAGCCTTTATCAACAATGGAATCCCAACAATTATCTCAACATTCACCCATTTCTCAG,G,.CCTAATATTATAGCCTTTATCAACAATGGAATCCCAACAATTATCTCAACATTCACCCATTTCTCAG,DOWNSTREAM,YLR302C,MODIFIER,NA,NA,NA,TCCCCAAGTAGGAAGGTAATTCGGATAGCTTAAGCGATTTATCGTTTCATCC,1N,TRUE,CLM,2,hBFA1
XII-731985-G-.TACCTAATATTATAGCCTTTATCAACAATGGAATCCCAACAATTATCTCAACATTCACCCATTTCTCAG,G,.TACCTAATATTATAGCCTTTATCAACAATGGAATCCCAACAATTATCTCAACATTCACCCATTTCTCAG,DOWNSTREAM,YLR302C,MODIFIER,NA,NA,NA,TCCCCAAGTAGGAAGGTAATTCGGATAGCTTAAGCGATTTATCGTTTCATCC,1N,TRUE,CLM,2,hBFA1
XII-731985-G-.TACCTAATATTATAGCCTTTATCAACAATGGAATCCCAACAATTATCTCAACATTCACCCATTTCTCAG,G,.TACCTAATATTATAGCCTTTATCAACAATGGAATCCCAACAATTATCTCAACATTCACCCATTTCTCAG,DOWNSTREAM,YLR302C,MODIFIER,NA,NA,NA,TCCCCAAGTAGGAAGGTAATTCGGATAGCTTAAGCGATTTATCGTTTCATCC,1N,TRUE,CLM,2,hBFA1
XII-731985-G-.TATTATAGCCTTTATCAACAATGGAATCCCAACAATTATCTCAACATTCACCCATTTCTCAG,G,.TATTATAGCCTTTATCAACAATGGAATCCCAACAATTATCTCAACATTCACCCATTTCTCAG,DOWNSTREAM,YLR302C,MODIFIER,NA,NA,NA,TCCCCAAGTAGGAAGGTAATTCGGATAGCTTAAGCGATTTATCGTTTCATCC,1N,TRUE,CLM,2,hBFA1
XII-731985-G-.TATTATAGCCTTTATCAACAATGGAATCCCAACAATTATCTCAACATTCACCCATTTCTCAG,G,.TATTATAGCCTTTATCAACAATGGAATCCCAACAATTATCTCAACATTCACCCATTTCTCAG,DOWNSTREAM,YLR302C,MODIFIER,NA,NA,NA,TCCCCAAGTAGGAAGGTAATTCGGATAGCTTAAGCGATTTATCGTTTCATCC,1N,TRUE,CLM,2,hBFA1
VII-1047514-C-G,C,G,NON_SYNONYMOUS_CODING,CWC22,MODERATE,MISSENSE,L262V,NA,TCCCCAAGTAGGAAGGTAATTCGGATAGCTTAAGCGATTTATCGTTTCATCC,1N,FALSE,CLM,2,hBFA1
VII-1047514-C-G,C,G,NON_SYNONYMOUS_CODING,CWC22,MODERATE,MISSENSE,L262V,NA,TCCCCAAGTAGGAAGGTAATTCGGATAGCTTAAGCGATTTATCGTTTCATCC,1N,FALSE,CLM,2,hBFA1
XVI-835782-T-A,T,A,NON_SYNONYMOUS_CODING,NCA2,MODERATE,MISSENSE,K544N,NA,TCCCCAAGTAGGAAGGTAATTCGGATAGCTTAAGCGATTTATCGTTTCATCC,1N,FALSE,CLM,2,hBFA1
XVI-835782-T-A,T,A,NON_SYNONYMOUS_CODING,NCA2,MODERATE,MISSENSE,K544N,NA,TCCCCAAGTAGGAAGGTAATTCGGATAGCTTAAGCGATTTATCGTTTCATCC,1N,FALSE,CLM,2,hBFA1
IV-489204-A-.CCGTATATGATAATATATTGATAATATAACTATTAGTTGATAGACGATAGTGGATTTTTATTCCAACAA,A,.CCGTATATGATAATATATTGATAATATAACTATTAGTTGATAGACGATAGTGGATTTTTATTCCAACAA,UPSTREAM,SES1,MODIFIER,NA,NA,NA,TCCCCAAGTAGGAAGGTAATTCGGATAGCTTAAGCGATTTATCGTTTCATCC,1N,TRUE,CLM,2,hBFA1
IV-489204-A-.CCGTATATGATAATATATTGATAATATAACTATTAGTTGATAGACGATAGTGGATTTTTATTCCAACAA,A,.CCGTATATGATAATATATTGATAATATAACTATTAGTTGATAGACGATAGTGGATTTTTATTCCAACAA,UPSTREAM,SES1,MODIFIER,NA,NA,NA,TCCCCAAGTAGGAAGGTAATTCGGATAGCTTAAGCGATTTATCGTTTCATCC,1N,TRUE,CLM,2,hBFA1
V-190207-G-C,G,C,NON_SYNONYMOUS_CODING,AFG3,MODERATE,MISSENSE,H528D,NA,TCGTAAACTTGTAACGGTGTTCGGTGTCCTAAACGGAATTTTTTCTTCACCT,1N,FALSE,FLC4,6,hBFA1
V-190207-G-C,G,C,NON_SYNONYMOUS_CODING,AFG3,MODERATE,MISSENSE,H528D,NA,TCGTAAACTTGTAACGGTGTTCGGTGTCCTAAACGGAATTTTTTCTTCACCT,1N,FALSE,FLC4,6,hBFA1
XVI-774835-T-G,T,G,NON_SYNONYMOUS_CODING,CLB5,MODERATE,MISSENSE,E116D,NA,TCGTAAACTTGTAACGGTGTTCGGTGTCCTAAACGGAATTTTTTCTTCACCT,1N,FALSE,FLC4,6,hBFA1
VII-933548-A-C,A,C,NON_SYNONYMOUS_CODING,CRM1,MODERATE,MISSENSE,L336F,NA,TCGTAAACTTGTAACGGTGTTCGGTGTCCTAAACGGAATTTTTTCTTCACCT,1N,FALSE,FLC4,6,hBFA1
VII-933548-A-C,A,C,NON_SYNONYMOUS_CODING,CRM1,MODERATE,MISSENSE,L336F,NA,TCGTAAACTTGTAACGGTGTTCGGTGTCCTAAACGGAATTTTTTCTTCACCT,1N,FALSE,FLC4,6,hBFA1
VIII-355613-GA-G,GA,G,FRAME_SHIFT,EPT1,HIGH,NONE,K237,NA,TCGTAAACTTGTAACGGTGTTCGGTGTCCTAAACGGAATTTTTTCTTCACCT,1N,TRUE,FLC4,6,hBFA1
VIII-355619-A-G,A,G,NON_SYNONYMOUS_CODING,EPT1,MODERATE,MISSENSE,E238G,NA,TCGTAAACTTGTAACGGTGTTCGGTGTCCTAAACGGAATTTTTTCTTCACCT,1N,FALSE,FLC4,6,hBFA1
IX-40496-C-T,C,T,NON_SYNONYMOUS_CODING,POT1,MODERATE,MISSENSE,V317M,NA,TCGTAAACTTGTAACGGTGTTCGGTGTCCTAAACGGAATTTTTTCTTCACCT,1N,FALSE,FLC4,6,hBFA1
XII-459803-C-CTTTTTTTTTTTTTTTTTTTTTTT,C,CTTTTTTTTTTTTTTTTTTTTTTT,DOWNSTREAM,RDN5-1,MODIFIER,NA,NA,NA,TCGTAAACTTGTAACGGTGTTCGGTGTCCTAAACGGAATTTTTTCTTCACCT,1N,TRUE,FLC4,6,hBFA1
XII-86044-G-A,G,A,NON_SYNONYMOUS_CODING,TPO1,MODERATE,MISSENSE,G414D,NA,TCGTAAACTTGTAACGGTGTTCGGTGTCCTAAACGGAATTTTTTCTTCACCT,1N,FALSE,FLC4,6,hBFA1
XII-86044-G-A,G,A,NON_SYNONYMOUS_CODING,TPO1,MODERATE,MISSENSE,G414D,NA,TCGTAAACTTGTAACGGTGTTCGGTGTCCTAAACGGAATTTTTTCTTCACCT,1N,FALSE,FLC4,6,hBFA1
IV-892292-A-G,A,G,NON_SYNONYMOUS_CODING,UPC2,MODERATE,MISSENSE,M848V,NA,TCGTAAACTTGTAACGGTGTTCGGTGTCCTAAACGGAATTTTTTCTTCACCT,1N,FALSE,FLC4,6,hBFA1
IV-892292-A-G,A,G,NON_SYNONYMOUS_CODING,UPC2,MODERATE,MISSENSE,M848V,NA,TCGTAAACTTGTAACGGTGTTCGGTGTCCTAAACGGAATTTTTTCTTCACCT,1N,FALSE,FLC4,6,hBFA1
VII-469858-G-T,G,T,NON_SYNONYMOUS_CODING,PDR1,MODERATE,MISSENSE,S814Y,NA,TCGTCAAGTGGGAAGGATATTCCTCGTAATTAACATCATTTAGTGTTACTGA,1N,FALSE,CLM,2,hBFA1
VII-469858-G-T,G,T,NON_SYNONYMOUS_CODING,PDR1,MODERATE,MISSENSE,S814Y,NA,TCGTCAAGTGGGAAGGATATTCCTCGTAATTAACATCATTTAGTGTTACTGA,1N,FALSE,CLM,2,hBFA1
V-116410-G-T,G,T,NON_SYNONYMOUS_CODING,URA3,MODERATE,MISSENSE,A82S,NA,TCGTCAAGTGGGAAGGATATTCCTCGTAATTAACATCATTTAGTGTTACTGA,1N,FALSE,CLM,2,hBFA1
V-116410-G-T,G,T,NON_SYNONYMOUS_CODING,URA3,MODERATE,MISSENSE,A82S,NA,TCGTCAAGTGGGAAGGATATTCCTCGTAATTAACATCATTTAGTGTTACTGA,1N,FALSE,CLM,2,hBFA1
X-293743-A-G,A,G,NON_SYNONYMOUS_CODING,PRY3,MODERATE,MISSENSE,L80P,NA,TCGTCAAGTGGGAAGGATATTCCTCGTAATTAACATCATTTAGTGTTACTGA,1N,FALSE,CLM,2,hBFA1
X-293743-A-G,A,G,NON_SYNONYMOUS_CODING,PRY3,MODERATE,MISSENSE,L80P,NA,TCGTCAAGTGGGAAGGATATTCCTCGTAATTAACATCATTTAGTGTTACTGA,1N,FALSE,CLM,2,hBFA1
IV-206036-G-T,G,T,NON_SYNONYMOUS_CODING,RPO21,MODERATE,MISSENSE,T1509K,NA,TCTAGAATCGGCAAGACCGTTAATTGTTCCCAAGCGAATTATATTTTTGAGA,1N,FALSE,CLM,8,hBFA1
IV-206036-G-T,G,T,NON_SYNONYMOUS_CODING,RPO21,MODERATE,MISSENSE,T1509K,NA,TCTAGAATCGGCAAGACCGTTAATTGTTCCCAAGCGAATTATATTTTTGAGA,1N,FALSE,CLM,8,hBFA1
IV-206036-G-T,G,T,NON_SYNONYMOUS_CODING,RPO21,MODERATE,MISSENSE,T1509K,NA,TCTAGAATCGGCAAGACCGTTAATTGTTCCCAAGCGAATTATATTTTTGAGA,1N,FALSE,CLM,8,hBFA1
IV-206036-G-T,G,T,NON_SYNONYMOUS_CODING,RPO21,MODERATE,MISSENSE,T1509K,NA,TCTAGAATCGGCAAGACCGTTAATTGTTCCCAAGCGAATTATATTTTTGAGA,1N,FALSE,CLM,8,hBFA1
IV-206036-G-T,G,T,NON_SYNONYMOUS_CODING,RPO21,MODERATE,MISSENSE,T1509K,NA,TCTAGAATCGGCAAGACCGTTAATTGTTCCCAAGCGAATTATATTTTTGAGA,1N,FALSE,CLM,8,hBFA1
IV-206036-G-T,G,T,NON_SYNONYMOUS_CODING,RPO21,MODERATE,MISSENSE,T1509K,NA,TCTAGAATCGGCAAGACCGTTAATTGTTCCCAAGCGAATTATATTTTTGAGA,1N,FALSE,CLM,8,hBFA1
IV-206036-G-T,G,T,NON_SYNONYMOUS_CODING,RPO21,MODERATE,MISSENSE,T1509K,NA,TCTAGAATCGGCAAGACCGTTAATTGTTCCCAAGCGAATTATATTTTTGAGA,1N,FALSE,CLM,8,hBFA1
IV-206036-G-T,G,T,NON_SYNONYMOUS_CODING,RPO21,MODERATE,MISSENSE,T1509K,NA,TCTAGAATCGGCAAGACCGTTAATTGTTCCCAAGCGAATTATATTTTTGAGA,1N,FALSE,CLM,8,hBFA1
IV-206036-G-T,G,T,NON_SYNONYMOUS_CODING,RPO21,MODERATE,MISSENSE,T1509K,NA,TCTAGAATCGGCAAGACCGTTAATTGTTCCCAAGCGAATTATATTTTTGAGA,1N,FALSE,CLM,8,hBFA1
IV-206036-G-T,G,T,NON_SYNONYMOUS_CODING,RPO21,MODERATE,MISSENSE,T1509K,NA,TCTAGAATCGGCAAGACCGTTAATTGTTCCCAAGCGAATTATATTTTTGAGA,1N,FALSE,CLM,8,hBFA1
IV-206036-G-T,G,T,NON_SYNONYMOUS_CODING,RPO21,MODERATE,MISSENSE,T1509K,NA,TCTAGAATCGGCAAGACCGTTAATTGTTCCCAAGCGAATTATATTTTTGAGA,1N,FALSE,CLM,8,hBFA1
IV-206036-G-T,G,T,NON_SYNONYMOUS_CODING,RPO21,MODERATE,MISSENSE,T1509K,NA,TCTAGAATCGGCAAGACCGTTAATTGTTCCCAAGCGAATTATATTTTTGAGA,1N,FALSE,CLM,8,hBFA1
IV-206036-G-T,G,T,NON_SYNONYMOUS_CODING,RPO21,MODERATE,MISSENSE,T1509K,NA,TCTAGAATCGGCAAGACCGTTAATTGTTCCCAAGCGAATTATATTTTTGAGA,1N,FALSE,CLM,8,hBFA1
IV-206036-G-T,G,T,NON_SYNONYMOUS_CODING,RPO21,MODERATE,MISSENSE,T1509K,NA,TCTAGAATCGGCAAGACCGTTAATTGTTCCCAAGCGAATTATATTTTTGAGA,1N,FALSE,CLM,8,hBFA1
VII-469711-G-C,G,C,NON_SYNONYMOUS_CODING,PDR1,MODERATE,MISSENSE,A863G,NA,TCTAGAATCGGCAAGACCGTTAATTGTTCCCAAGCGAATTATATTTTTGAGA,1N,FALSE,CLM,8,hBFA1
VII-469711-G-C,G,C,NON_SYNONYMOUS_CODING,PDR1,MODERATE,MISSENSE,A863G,NA,TCTAGAATCGGCAAGACCGTTAATTGTTCCCAAGCGAATTATATTTTTGAGA,1N,FALSE,CLM,8,hBFA1
VII-469711-G-C,G,C,NON_SYNONYMOUS_CODING,PDR1,MODERATE,MISSENSE,A863G,NA,TCTAGAATCGGCAAGACCGTTAATTGTTCCCAAGCGAATTATATTTTTGAGA,1N,FALSE,CLM,8,hBFA1
VII-469711-G-C,G,C,NON_SYNONYMOUS_CODING,PDR1,MODERATE,MISSENSE,A863G,NA,TCTAGAATCGGCAAGACCGTTAATTGTTCCCAAGCGAATTATATTTTTGAGA,1N,FALSE,CLM,8,hBFA1
VII-469711-G-C,G,C,NON_SYNONYMOUS_CODING,PDR1,MODERATE,MISSENSE,A863G,NA,TCTAGAATCGGCAAGACCGTTAATTGTTCCCAAGCGAATTATATTTTTGAGA,1N,FALSE,CLM,8,hBFA1
VII-469711-G-C,G,C,NON_SYNONYMOUS_CODING,PDR1,MODERATE,MISSENSE,A863G,NA,TCTAGAATCGGCAAGACCGTTAATTGTTCCCAAGCGAATTATATTTTTGAGA,1N,FALSE,CLM,8,hBFA1
VII-469711-G-C,G,C,NON_SYNONYMOUS_CODING,PDR1,MODERATE,MISSENSE,A863G,NA,TCTAGAATCGGCAAGACCGTTAATTGTTCCCAAGCGAATTATATTTTTGAGA,1N,FALSE,CLM,8,hBFA1
VII-469711-G-C,G,C,NON_SYNONYMOUS_CODING,PDR1,MODERATE,MISSENSE,A863G,NA,TCTAGAATCGGCAAGACCGTTAATTGTTCCCAAGCGAATTATATTTTTGAGA,1N,FALSE,CLM,8,hBFA1
VII-469711-G-C,G,C,NON_SYNONYMOUS_CODING,PDR1,MODERATE,MISSENSE,A863G,NA,TCTAGAATCGGCAAGACCGTTAATTGTTCCCAAGCGAATTATATTTTTGAGA,1N,FALSE,CLM,8,hBFA1
VII-469711-G-C,G,C,NON_SYNONYMOUS_CODING,PDR1,MODERATE,MISSENSE,A863G,NA,TCTAGAATCGGCAAGACCGTTAATTGTTCCCAAGCGAATTATATTTTTGAGA,1N,FALSE,CLM,8,hBFA1
VII-469711-G-C,G,C,NON_SYNONYMOUS_CODING,PDR1,MODERATE,MISSENSE,A863G,NA,TCTAGAATCGGCAAGACCGTTAATTGTTCCCAAGCGAATTATATTTTTGAGA,1N,FALSE,CLM,8,hBFA1
VII-469711-G-C,G,C,NON_SYNONYMOUS_CODING,PDR1,MODERATE,MISSENSE,A863G,NA,TCTAGAATCGGCAAGACCGTTAATTGTTCCCAAGCGAATTATATTTTTGAGA,1N,FALSE,CLM,8,hBFA1
VII-469711-G-C,G,C,NON_SYNONYMOUS_CODING,PDR1,MODERATE,MISSENSE,A863G,NA,TCTAGAATCGGCAAGACCGTTAATTGTTCCCAAGCGAATTATATTTTTGAGA,1N,FALSE,CLM,8,hBFA1
VII-469711-G-C,G,C,NON_SYNONYMOUS_CODING,PDR1,MODERATE,MISSENSE,A863G,NA,TCTAGAATCGGCAAGACCGTTAATTGTTCCCAAGCGAATTATATTTTTGAGA,1N,FALSE,CLM,8,hBFA1
VII-956418-TA-T,TA,T,FRAME_SHIFT,PHO81,HIGH,NONE,Y598,NA,TCTAGAATCGGCAAGACCGTTAATTGTTCCCAAGCGAATTATATTTTTGAGA,1N,TRUE,CLM,8,hBFA1
VII-956418-TA-T,TA,T,FRAME_SHIFT,PHO81,HIGH,NONE,Y598,NA,TCTAGAATCGGCAAGACCGTTAATTGTTCCCAAGCGAATTATATTTTTGAGA,1N,TRUE,CLM,8,hBFA1
VII-956418-TA-T,TA,T,FRAME_SHIFT,PHO81,HIGH,NONE,Y598,NA,TCTAGAATCGGCAAGACCGTTAATTGTTCCCAAGCGAATTATATTTTTGAGA,1N,TRUE,CLM,8,hBFA1
VII-956418-TA-T,TA,T,FRAME_SHIFT,PHO81,HIGH,NONE,Y598,NA,TCTAGAATCGGCAAGACCGTTAATTGTTCCCAAGCGAATTATATTTTTGAGA,1N,TRUE,CLM,8,hBFA1
VII-956418-TA-T,TA,T,FRAME_SHIFT,PHO81,HIGH,NONE,Y598,NA,TCTAGAATCGGCAAGACCGTTAATTGTTCCCAAGCGAATTATATTTTTGAGA,1N,TRUE,CLM,8,hBFA1
VII-956418-TA-T,TA,T,FRAME_SHIFT,PHO81,HIGH,NONE,Y598,NA,TCTAGAATCGGCAAGACCGTTAATTGTTCCCAAGCGAATTATATTTTTGAGA,1N,TRUE,CLM,8,hBFA1
VII-956418-TA-T,TA,T,FRAME_SHIFT,PHO81,HIGH,NONE,Y598,NA,TCTAGAATCGGCAAGACCGTTAATTGTTCCCAAGCGAATTATATTTTTGAGA,1N,TRUE,CLM,8,hBFA1
VII-956418-TA-T,TA,T,FRAME_SHIFT,PHO81,HIGH,NONE,Y598,NA,TCTAGAATCGGCAAGACCGTTAATTGTTCCCAAGCGAATTATATTTTTGAGA,1N,TRUE,CLM,8,hBFA1
VII-956418-TA-T,TA,T,FRAME_SHIFT,PHO81,HIGH,NONE,Y598,NA,TCTAGAATCGGCAAGACCGTTAATTGTTCCCAAGCGAATTATATTTTTGAGA,1N,TRUE,CLM,8,hBFA1
VII-956418-TA-T,TA,T,FRAME_SHIFT,PHO81,HIGH,NONE,Y598,NA,TCTAGAATCGGCAAGACCGTTAATTGTTCCCAAGCGAATTATATTTTTGAGA,1N,TRUE,CLM,8,hBFA1
VII-956418-TA-T,TA,T,FRAME_SHIFT,PHO81,HIGH,NONE,Y598,NA,TCTAGAATCGGCAAGACCGTTAATTGTTCCCAAGCGAATTATATTTTTGAGA,1N,TRUE,CLM,8,hBFA1
VII-956418-TA-T,TA,T,FRAME_SHIFT,PHO81,HIGH,NONE,Y598,NA,TCTAGAATCGGCAAGACCGTTAATTGTTCCCAAGCGAATTATATTTTTGAGA,1N,TRUE,CLM,8,hBFA1
VII-956418-TA-T,TA,T,FRAME_SHIFT,PHO81,HIGH,NONE,Y598,NA,TCTAGAATCGGCAAGACCGTTAATTGTTCCCAAGCGAATTATATTTTTGAGA,1N,TRUE,CLM,8,hBFA1
VII-956418-TA-T,TA,T,FRAME_SHIFT,PHO81,HIGH,NONE,Y598,NA,TCTAGAATCGGCAAGACCGTTAATTGTTCCCAAGCGAATTATATTTTTGAGA,1N,TRUE,CLM,8,hBFA1
VII-145981-G-T,G,T,NON_SYNONYMOUS_CODING,CDC55,MODERATE,MISSENSE,T470K,NA,TCTAGAATCGGCAAGACCGTTAATTGTTCCCAAGCGAATTATATTTTTGAGA,1N,FALSE,CLM,8,hBFA1
VII-145981-G-T,G,T,NON_SYNONYMOUS_CODING,CDC55,MODERATE,MISSENSE,T470K,NA,TCTAGAATCGGCAAGACCGTTAATTGTTCCCAAGCGAATTATATTTTTGAGA,1N,FALSE,CLM,8,hBFA1
XVI-669472-G-C,G,C,NON_SYNONYMOUS_CODING,SEC8,MODERATE,MISSENSE,Q599H,NA,TCTAGAATCGGCAAGACCGTTAATTGTTCCCAAGCGAATTATATTTTTGAGA,1N,FALSE,CLM,8,hBFA1
XVI-669472-G-C,G,C,NON_SYNONYMOUS_CODING,SEC8,MODERATE,MISSENSE,Q599H,NA,TCTAGAATCGGCAAGACCGTTAATTGTTCCCAAGCGAATTATATTTTTGAGA,1N,FALSE,CLM,8,hBFA1
II-651330-C-A,C,A,UPSTREAM,SDS24,MODIFIER,NA,NA,NA,TCTAGAATCGGCAAGACCGTTAATTGTTCCCAAGCGAATTATATTTTTGAGA,1N,FALSE,CLM,8,hBFA1
II-651330-C-A,C,A,UPSTREAM,SDS24,MODIFIER,NA,NA,NA,TCTAGAATCGGCAAGACCGTTAATTGTTCCCAAGCGAATTATATTTTTGAGA,1N,FALSE,CLM,8,hBFA1
XV-1034892-G-T,G,T,NON_SYNONYMOUS_CODING,NDD1,MODERATE,MISSENSE,S527Y,NA,TCTCAAACAGGGAAGCCTCTTCGGGTGGTAAAACCAGATTTGGCATTCACTA,1N,FALSE,GlyEtOH,2,hBFA1
I-41062-C-T,C,T,STOP_GAINED,GPB2,HIGH,NONSENSE,Q602*,NA,TCTCAAACAGGGAAGCCTCTTCGGGTGGTAAAACCAGATTTGGCATTCACTA,1N,FALSE,GlyEtOH,2,hBFA1
XIV-194656-G-A,G,A,SYNONYMOUS_CODING,ATG2,LOW,SILENT,Q1111,NA,TCTGAAAACAGAAACCATTTTAGGTGTCCTAAACGGAATTTTTTCTTCACCT,1N,FALSE,FLC4,7,hBFA1
XV-173960-C-T,C,T,NON_SYNONYMOUS_CODING,IRA2,MODERATE,MISSENSE,T964I,NA,TCTGAAAACAGAAACCATTTTAGGTGTCCTAAACGGAATTTTTTCTTCACCT,1N,FALSE,FLC4,7,hBFA1
IV-1265682-G-T,G,T,STOP_GAINED,SXM1,HIGH,NONSENSE,E787*,NA,TCTGAAAACAGAAACCATTTTAGGTGTCCTAAACGGAATTTTTTCTTCACCT,1N,FALSE,FLC4,7,hBFA1
VII-470215-A-G,A,G,NON_SYNONYMOUS_CODING,PDR1,MODERATE,MISSENSE,V695A,NA,TCTGTAAACACAAAAGCAGTTGTCATTCCTAAACGGAATTTTTTCTTCACCT,1N,FALSE,FLC4,4,hBFA1
IV-892409-G-C,G,C,NON_SYNONYMOUS_CODING,UPC2,MODERATE,MISSENSE,G887R,NA,TCTTCAATCTTGAATAATATTTAGACTCCTAAACGGAATTTTTTCTTCACCT,1N,FALSE,FLC4,6,hBFA1
XVI-679907-A-C,A,C,NON_SYNONYMOUS_CODING,ROX1,MODERATE,MISSENSE,K72T,NA,TGATAAATAGGGAATGTGATTACTGTTCCTAAACGGAATTTTTTCTTCACCT,1N,FALSE,FLC4,4,hBFA1
XIV-216211-C-T,C,T,NON_SYNONYMOUS_CODING,PDR16,MODERATE,MISSENSE,V278I,NA,TGGACAACTTACAAATTTGTTTCTGATCCTAAACGGAATTTTTTCTTCACCT,1N,FALSE,FLC4,4,hBFA1
VII-471524-T-C,T,C,NON_SYNONYMOUS_CODING,PDR1,MODERATE,MISSENSE,S259G,NA,TGGCGAAATCTCAAGTAGCTTGTAGGCAACAAAAGCGTTTTTTACTTGTAAT,1N,FALSE,CLM,1,hBFA1
VII-471524-T-C,T,C,NON_SYNONYMOUS_CODING,PDR1,MODERATE,MISSENSE,S259G,NA,TGGCGAAATCTCAAGTAGCTTGTAGGCAACAAAAGCGTTTTTTACTTGTAAT,1N,FALSE,CLM,1,hBFA1
VII-471524-T-C,T,C,NON_SYNONYMOUS_CODING,PDR1,MODERATE,MISSENSE,S259G,NA,TGGCGAAATCTCAAGTAGCTTGTAGGCAACAAAAGCGTTTTTTACTTGTAAT,1N,FALSE,CLM,1,hBFA1
VII-471524-T-C,T,C,NON_SYNONYMOUS_CODING,PDR1,MODERATE,MISSENSE,S259G,NA,TGGCGAAATCTCAAGTAGCTTGTAGGCAACAAAAGCGTTTTTTACTTGTAAT,1N,FALSE,CLM,1,hBFA1
VII-471524-T-C,T,C,NON_SYNONYMOUS_CODING,PDR1,MODERATE,MISSENSE,S259G,NA,TGGCGAAATCTCAAGTAGCTTGTAGGCAACAAAAGCGTTTTTTACTTGTAAT,1N,FALSE,CLM,1,hBFA1
VII-471524-T-C,T,C,NON_SYNONYMOUS_CODING,PDR1,MODERATE,MISSENSE,S259G,NA,TGGCGAAATCTCAAGTAGCTTGTAGGCAACAAAAGCGTTTTTTACTTGTAAT,1N,FALSE,CLM,1,hBFA1
VII-471524-T-C,T,C,NON_SYNONYMOUS_CODING,PDR1,MODERATE,MISSENSE,S259G,NA,TGGCGAAATCTCAAGTAGCTTGTAGGCAACAAAAGCGTTTTTTACTTGTAAT,1N,FALSE,CLM,1,hBFA1
VII-471524-T-C,T,C,NON_SYNONYMOUS_CODING,PDR1,MODERATE,MISSENSE,S259G,NA,TGGCGAAATCTCAAGTAGCTTGTAGGCAACAAAAGCGTTTTTTACTTGTAAT,1N,FALSE,CLM,1,hBFA1
VII-471524-T-C,T,C,NON_SYNONYMOUS_CODING,PDR1,MODERATE,MISSENSE,S259G,NA,TGGCGAAATCTCAAGTAGCTTGTAGGCAACAAAAGCGTTTTTTACTTGTAAT,1N,FALSE,CLM,1,hBFA1
VII-471524-T-C,T,C,NON_SYNONYMOUS_CODING,PDR1,MODERATE,MISSENSE,S259G,NA,TGGCGAAATCTCAAGTAGCTTGTAGGCAACAAAAGCGTTTTTTACTTGTAAT,1N,FALSE,CLM,1,hBFA1
VII-471524-T-C,T,C,NON_SYNONYMOUS_CODING,PDR1,MODERATE,MISSENSE,S259G,NA,TGGCGAAATCTCAAGTAGCTTGTAGGCAACAAAAGCGTTTTTTACTTGTAAT,1N,FALSE,CLM,1,hBFA1
VII-471524-T-C,T,C,NON_SYNONYMOUS_CODING,PDR1,MODERATE,MISSENSE,S259G,NA,TGGCGAAATCTCAAGTAGCTTGTAGGCAACAAAAGCGTTTTTTACTTGTAAT,1N,FALSE,CLM,1,hBFA1
VII-471524-T-C,T,C,NON_SYNONYMOUS_CODING,PDR1,MODERATE,MISSENSE,S259G,NA,TGGCGAAATCTCAAGTAGCTTGTAGGCAACAAAAGCGTTTTTTACTTGTAAT,1N,FALSE,CLM,1,hBFA1
VII-471524-T-C,T,C,NON_SYNONYMOUS_CODING,PDR1,MODERATE,MISSENSE,S259G,NA,TGGCGAAATCTCAAGTAGCTTGTAGGCAACAAAAGCGTTTTTTACTTGTAAT,1N,FALSE,CLM,1,hBFA1
II-715056-G-T,G,T,STOP_GAINED,HIS7,HIGH,NONSENSE,C470*,NA,TGGCGAAATCTCAAGTAGCTTGTAGGCAACAAAAGCGTTTTTTACTTGTAAT,1N,FALSE,CLM,1,hBFA1
II-715056-G-T,G,T,STOP_GAINED,HIS7,HIGH,NONSENSE,C470*,NA,TGGCGAAATCTCAAGTAGCTTGTAGGCAACAAAAGCGTTTTTTACTTGTAAT,1N,FALSE,CLM,1,hBFA1
IV-1270492-A-G,A,G,NON_SYNONYMOUS_CODING,HPT1,MODERATE,MISSENSE,E142G,NA,TGGCGAAATCTCAAGTAGCTTGTAGGCAACAAAAGCGTTTTTTACTTGTAAT,1N,FALSE,CLM,1,hBFA1
IV-1270492-A-G,A,G,NON_SYNONYMOUS_CODING,HPT1,MODERATE,MISSENSE,E142G,NA,TGGCGAAATCTCAAGTAGCTTGTAGGCAACAAAAGCGTTTTTTACTTGTAAT,1N,FALSE,CLM,1,hBFA1
VIII-175591-C-A,C,A,STOP_GAINED,YHR033W,HIGH,NONSENSE,S15*,NA,TGGCGAAATCTCAAGTAGCTTGTAGGCAACAAAAGCGTTTTTTACTTGTAAT,1N,FALSE,CLM,1,hBFA1
VIII-175591-C-A,C,A,STOP_GAINED,YHR033W,HIGH,NONSENSE,S15*,NA,TGGCGAAATCTCAAGTAGCTTGTAGGCAACAAAAGCGTTTTTTACTTGTAAT,1N,FALSE,CLM,1,hBFA1
XI-132703-T-C,T,C,NON_SYNONYMOUS_CODING,KKQ8,MODERATE,MISSENSE,I254V,NA,TGGCGAAATCTCAAGTAGCTTGTAGGCAACAAAAGCGTTTTTTACTTGTAAT,1N,FALSE,CLM,1,hBFA1
XI-132703-T-C,T,C,NON_SYNONYMOUS_CODING,KKQ8,MODERATE,MISSENSE,I254V,NA,TGGCGAAATCTCAAGTAGCTTGTAGGCAACAAAAGCGTTTTTTACTTGTAAT,1N,FALSE,CLM,1,hBFA1
XI-464449-C-T,C,T,NON_SYNONYMOUS_CODING,PRY2,MODERATE,MISSENSE,A164V,NA,TGGCGAAATCTCAAGTAGCTTGTAGGCAACAAAAGCGTTTTTTACTTGTAAT,1N,FALSE,CLM,1,hBFA1
XI-464449-C-T,C,T,NON_SYNONYMOUS_CODING,PRY2,MODERATE,MISSENSE,A164V,NA,TGGCGAAATCTCAAGTAGCTTGTAGGCAACAAAAGCGTTTTTTACTTGTAAT,1N,FALSE,CLM,1,hBFA1
XV-534360-G-A,G,A,NON_SYNONYMOUS_CODING,AZF1,MODERATE,MISSENSE,G96R,NA,TGGCGAAATCTCAAGTAGCTTGTAGGCAACAAAAGCGTTTTTTACTTGTAAT,1N,FALSE,CLM,1,hBFA1
XV-534360-G-A,G,A,NON_SYNONYMOUS_CODING,AZF1,MODERATE,MISSENSE,G96R,NA,TGGCGAAATCTCAAGTAGCTTGTAGGCAACAAAAGCGTTTTTTACTTGTAAT,1N,FALSE,CLM,1,hBFA1
III-294990-GT-G,GT,G,DOWNSTREAM,YCR097W-A,MODIFIER,NA,NA,NA,TGGCGAAATCTCAAGTAGCTTGTAGGCAACAAAAGCGTTTTTTACTTGTAAT,1N,TRUE,CLM,1,hBFA1
III-294990-GT-G,GT,G,DOWNSTREAM,YCR097W-A,MODIFIER,NA,NA,NA,TGGCGAAATCTCAAGTAGCTTGTAGGCAACAAAAGCGTTTTTTACTTGTAAT,1N,TRUE,CLM,1,hBFA1
VII-266989-A-G,A,G,NON_SYNONYMOUS_CODING,CEG1,MODERATE,MISSENSE,Y282C,NA,TGTATAACCTGCAATTACTTTCATGAGGTAAAACCAGATTTGGCATTCACTA,1N,FALSE,GlyEtOH,2,hBFA1
VII-266989-A-G,A,G,NON_SYNONYMOUS_CODING,CEG1,MODERATE,MISSENSE,Y282C,NA,TGTATAACCTGCAATTACTTTCATGAGGTAAAACCAGATTTGGCATTCACTA,1N,FALSE,GlyEtOH,2,hBFA1
I-41062-C-T,C,T,STOP_GAINED,GPB2,HIGH,NONSENSE,Q602*,NA,TGTATAACCTGCAATTACTTTCATGAGGTAAAACCAGATTTGGCATTCACTA,1N,FALSE,GlyEtOH,2,hBFA1
I-41062-C-T,C,T,STOP_GAINED,GPB2,HIGH,NONSENSE,Q602*,NA,TGTATAACCTGCAATTACTTTCATGAGGTAAAACCAGATTTGGCATTCACTA,1N,FALSE,GlyEtOH,2,hBFA1
IV-691535-A-C,A,C,DOWNSTREAM,TRM1,MODIFIER,NA,NA,NA,TGTATAACCTGCAATTACTTTCATGAGGTAAAACCAGATTTGGCATTCACTA,1N,FALSE,GlyEtOH,2,hBFA1
IV-691535-A-C,A,C,DOWNSTREAM,TRM1,MODIFIER,NA,NA,NA,TGTATAACCTGCAATTACTTTCATGAGGTAAAACCAGATTTGGCATTCACTA,1N,FALSE,GlyEtOH,2,hBFA1
XII-673120-G-C,G,C,UPSTREAM,RPS28B,MODIFIER,NA,NA,NA,TGTATAACCTGCAATTACTTTCATGAGGTAAAACCAGATTTGGCATTCACTA,1N,FALSE,GlyEtOH,2,hBFA1
XII-673120-G-C,G,C,UPSTREAM,RPS28B,MODIFIER,NA,NA,NA,TGTATAACCTGCAATTACTTTCATGAGGTAAAACCAGATTTGGCATTCACTA,1N,FALSE,GlyEtOH,2,hBFA1
VIII-514188-C-G,C,G,STOP_GAINED,SKN7,HIGH,NONSENSE,S486*,NA,TTAATAATACGAAAGCTCTTTGCCGGTCCTAAACGGAATTTTTTCTTCACCT,1N,FALSE,FLC4,2,hBFA1
XII-871869-C-G,C,G,NON_SYNONYMOUS_CODING,STP3,MODERATE,MISSENSE,A58G,NA,TTAATAATACGAAAGCTCTTTGCCGGTCCTAAACGGAATTTTTTCTTCACCT,1N,FALSE,FLC4,2,hBFA1
V-517533-TAAGCCTTAGAAGCCTTAG-T,TAAGCCTTAGAAGCCTTAG,T,DOWNSTREAM,DNF1,MODIFIER,NA,NA,NA,TTAGGAATAAGGAAGGGTCTTGTTTTTACAAAACACGTTTTCGGCTTAGCAA,1N,TRUE,CLM,2,hBFA1
V-517533-TAAGCCTTAGAAGCCTTAG-T,TAAGCCTTAGAAGCCTTAG,T,DOWNSTREAM,DNF1,MODIFIER,NA,NA,NA,TTAGGAATAAGGAAGGGTCTTGTTTTTACAAAACACGTTTTCGGCTTAGCAA,1N,TRUE,CLM,2,hBFA1
II-230781-A-G,A,G,NON_SYNONYMOUS_CODING,UTP20,MODERATE,MISSENSE,K1049R,NA,TTAGGAATAAGGAAGGGTCTTGTTTTTACAAAACACGTTTTCGGCTTAGCAA,1N,FALSE,CLM,2,hBFA1
II-230781-A-G,A,G,NON_SYNONYMOUS_CODING,UTP20,MODERATE,MISSENSE,K1049R,NA,TTAGGAATAAGGAAGGGTCTTGTTTTTACAAAACACGTTTTCGGCTTAGCAA,1N,FALSE,CLM,2,hBFA1
VII-469844-C-T,C,T,NON_SYNONYMOUS_CODING,PDR1,MODERATE,MISSENSE,V819I,NA,TTAGGAATAAGGAAGGGTCTTGTTTTTACAAAACACGTTTTCGGCTTAGCAA,1N,FALSE,CLM,2,hBFA1
VII-469844-C-T,C,T,NON_SYNONYMOUS_CODING,PDR1,MODERATE,MISSENSE,V819I,NA,TTAGGAATAAGGAAGGGTCTTGTTTTTACAAAACACGTTTTCGGCTTAGCAA,1N,FALSE,CLM,2,hBFA1
VII-471398-C-A,C,A,NON_SYNONYMOUS_CODING,PDR1,MODERATE,MISSENSE,A301S,NA,TTATGAAATGTGAAGAAGTTTGAAAATACAAAACACGTTTTCGGCTTAGCAA,1N,FALSE,CLM,2,hBFA1
VII-471398-C-A,C,A,NON_SYNONYMOUS_CODING,PDR1,MODERATE,MISSENSE,A301S,NA,TTATGAAATGTGAAGAAGTTTGAAAATACAAAACACGTTTTCGGCTTAGCAA,1N,FALSE,CLM,2,hBFA1
VII-471398-C-A,C,A,NON_SYNONYMOUS_CODING,PDR1,MODERATE,MISSENSE,A301S,NA,TTATGAAATGTGAAGAAGTTTGAAAATACAAAACACGTTTTCGGCTTAGCAA,1N,FALSE,CLM,2,hBFA1
VII-471398-C-A,C,A,NON_SYNONYMOUS_CODING,PDR1,MODERATE,MISSENSE,A301S,NA,TTATGAAATGTGAAGAAGTTTGAAAATACAAAACACGTTTTCGGCTTAGCAA,1N,FALSE,CLM,2,hBFA1
VII-471398-C-A,C,A,NON_SYNONYMOUS_CODING,PDR1,MODERATE,MISSENSE,A301S,NA,TTATGAAATGTGAAGAAGTTTGAAAATACAAAACACGTTTTCGGCTTAGCAA,1N,FALSE,CLM,2,hBFA1
VII-471398-C-A,C,A,NON_SYNONYMOUS_CODING,PDR1,MODERATE,MISSENSE,A301S,NA,TTATGAAATGTGAAGAAGTTTGAAAATACAAAACACGTTTTCGGCTTAGCAA,1N,FALSE,CLM,2,hBFA1
VII-471398-C-A,C,A,NON_SYNONYMOUS_CODING,PDR1,MODERATE,MISSENSE,A301S,NA,TTATGAAATGTGAAGAAGTTTGAAAATACAAAACACGTTTTCGGCTTAGCAA,1N,FALSE,CLM,2,hBFA1
VII-471398-C-A,C,A,NON_SYNONYMOUS_CODING,PDR1,MODERATE,MISSENSE,A301S,NA,TTATGAAATGTGAAGAAGTTTGAAAATACAAAACACGTTTTCGGCTTAGCAA,1N,FALSE,CLM,2,hBFA1
VII-471398-C-A,C,A,NON_SYNONYMOUS_CODING,PDR1,MODERATE,MISSENSE,A301S,NA,TTATGAAATGTGAAGAAGTTTGAAAATACAAAACACGTTTTCGGCTTAGCAA,1N,FALSE,CLM,2,hBFA1
VII-471398-C-A,C,A,NON_SYNONYMOUS_CODING,PDR1,MODERATE,MISSENSE,A301S,NA,TTATGAAATGTGAAGAAGTTTGAAAATACAAAACACGTTTTCGGCTTAGCAA,1N,FALSE,CLM,2,hBFA1
IV-739746-C-T,C,T,SYNONYMOUS_CODING,DOP1,LOW,SILENT,S84,NA,TTATGAAATGTGAAGAAGTTTGAAAATACAAAACACGTTTTCGGCTTAGCAA,1N,FALSE,CLM,2,hBFA1
IV-739746-C-T,C,T,SYNONYMOUS_CODING,DOP1,LOW,SILENT,S84,NA,TTATGAAATGTGAAGAAGTTTGAAAATACAAAACACGTTTTCGGCTTAGCAA,1N,FALSE,CLM,2,hBFA1
IV-859524-G-C,G,C,NON_SYNONYMOUS_CODING,MSC2,MODERATE,MISSENSE,R60T,NA,TTATGAAATGTGAAGAAGTTTGAAAATACAAAACACGTTTTCGGCTTAGCAA,1N,FALSE,CLM,2,hBFA1
IV-859524-G-C,G,C,NON_SYNONYMOUS_CODING,MSC2,MODERATE,MISSENSE,R60T,NA,TTATGAAATGTGAAGAAGTTTGAAAATACAAAACACGTTTTCGGCTTAGCAA,1N,FALSE,CLM,2,hBFA1
XIV-365401-A-C,A,C,NON_SYNONYMOUS_CODING,THO2,MODERATE,MISSENSE,V106G,NA,TTATGAAATGTGAAGAAGTTTGAAAATACAAAACACGTTTTCGGCTTAGCAA,1N,FALSE,CLM,2,hBFA1
XIV-365401-A-C,A,C,NON_SYNONYMOUS_CODING,THO2,MODERATE,MISSENSE,V106G,NA,TTATGAAATGTGAAGAAGTTTGAAAATACAAAACACGTTTTCGGCTTAGCAA,1N,FALSE,CLM,2,hBFA1
XV-306296-T-A,T,A,NON_SYNONYMOUS_CODING,PLB3,MODERATE,MISSENSE,N316K,NA,TTATGAAATGTGAAGAAGTTTGAAAATACAAAACACGTTTTCGGCTTAGCAA,1N,FALSE,CLM,2,hBFA1
XV-306296-T-A,T,A,NON_SYNONYMOUS_CODING,PLB3,MODERATE,MISSENSE,N316K,NA,TTATGAAATGTGAAGAAGTTTGAAAATACAAAACACGTTTTCGGCTTAGCAA,1N,FALSE,CLM,2,hBFA1
XI-282598-G-C,G,C,UPSTREAM,RRP14,MODIFIER,NA,NA,NA,TTATGAAATGTGAAGAAGTTTGAAAATACAAAACACGTTTTCGGCTTAGCAA,1N,FALSE,CLM,2,hBFA1
XI-282598-G-C,G,C,UPSTREAM,RRP14,MODIFIER,NA,NA,NA,TTATGAAATGTGAAGAAGTTTGAAAATACAAAACACGTTTTCGGCTTAGCAA,1N,FALSE,CLM,2,hBFA1
XII-501185-A-C,A,C,DOWNSTREAM,YLR171W,MODIFIER,NA,NA,NA,TTATGAAATGTGAAGAAGTTTGAAAATACAAAACACGTTTTCGGCTTAGCAA,1N,FALSE,CLM,2,hBFA1
XII-501185-A-C,A,C,DOWNSTREAM,YLR171W,MODIFIER,NA,NA,NA,TTATGAAATGTGAAGAAGTTTGAAAATACAAAACACGTTTTCGGCTTAGCAA,1N,FALSE,CLM,2,hBFA1
XII-839353-C-T,C,T,UPSTREAM,ILV5,MODIFIER,NA,NA,NA,TTATGAAATGTGAAGAAGTTTGAAAATACAAAACACGTTTTCGGCTTAGCAA,1N,FALSE,CLM,2,hBFA1
XII-839353-C-T,C,T,UPSTREAM,ILV5,MODIFIER,NA,NA,NA,TTATGAAATGTGAAGAAGTTTGAAAATACAAAACACGTTTTCGGCTTAGCAA,1N,FALSE,CLM,2,hBFA1
XI-536342-T-C,T,C,NON_SYNONYMOUS_CODING,DYN1,MODERATE,MISSENSE,T3862A,NA,TTGGCAACGGCGAATATGGTTCGTCTGGTAAAACCAGATTTGGCATTCACTA,1N,FALSE,GlyEtOH,2,hBFA1
I-41062-C-T,C,T,STOP_GAINED,GPB2,HIGH,NONSENSE,Q602*,NA,TTGGCAACGGCGAATATGGTTCGTCTGGTAAAACCAGATTTGGCATTCACTA,1N,FALSE,GlyEtOH,2,hBFA1
I-40783-A-T,A,T,STOP_GAINED,GPB2,HIGH,NONSENSE,R509*,NA,TTTCCAAACTGTAATTATATTCCACAAATAGAATCATCTTACTTCTTATTAC,1N,FALSE,GlyEtOH,2,hBFA1
IX-63326-G-T,G,T,NON_SYNONYMOUS_CODING,MLP2,MODERATE,MISSENSE,P1581Q,NA,TTTCCAAACTGTAATTATATTCCACAAATAGAATCATCTTACTTCTTATTAC,1N,FALSE,GlyEtOH,2,hBFA1
X-71729-C-A,C,A,NON_SYNONYMOUS_CODING,YJL193W,MODERATE,MISSENSE,Q122K,NA,TTTCCAAACTGTAATTATATTCCACAAATAGAATCATCTTACTTCTTATTAC,1N,FALSE,GlyEtOH,2,hBFA1
II-278471-T-G,T,G,UPSTREAM,GAL10,MODIFIER,NA,NA,NA,TTTCCAAACTGTAATTATATTCCACAAATAGAATCATCTTACTTCTTATTAC,1N,FALSE,GlyEtOH,2,hBFA1
VII-187094-C-G,C,G,NON_SYNONYMOUS_CODING,SUA5,MODERATE,MISSENSE,R346G,protein_coding,TTTCTAAATTCGAAGAACTTTGTTCGGCCGAAACAGGGTTGCGGGTTGGAGG,1N,FALSE,GlyEtOH,14,hBFA1
XIV-331368-C-G,C,G,DOWNSTREAM,YNL162W-A,MODIFIER,NA,NA,protein_coding,TTTCTAAATTCGAAGAACTTTGTTCGGCCGAAACAGGGTTGCGGGTTGGAGG,1N,FALSE,GlyEtOH,14,hBFA1
XV-45692-AATATATATATATATATATAT-A,AATATATATATATATATATAT,A,DOWNSTREAM,DCP1,MODIFIER,NA,NA,protein_coding,TTTCTAAATTCGAAGAACTTTGTTCGGCCGAAACAGGGTTGCGGGTTGGAGG,1N,TRUE,GlyEtOH,14,hBFA1
