File,dbcs,counts,ebcs,counts
Dip_clone_Env.dBFA2_WGS_6D_1_A3_S4_R1_001,,,,
Dip_clone_Env.dBFA2_WGS_4C_1_E10_S12_R1_001,,,,
Dip_clone_Env.dBFA2_WGS_6D_1_G10_S71_R1_001,,,,
Dip_clone_Env.dBFA2_WGS_6C_1_H6_S70_R1_001,,,,
Dip_clone_Env.dBFA2_WGS_10D_1_D5_S27_R1_001,,,,
Dip_clone_Env.dBFA2_WGS_11C_4_A6_S28_R1_001,,,,
Dip_clone_Env.dBFA2_WGS_10C_4_C1_S15_R1_001,,,,
Dip_clone_Env.dBFA2_WGS_4C_1_H7_S42_R1_001,,,,
Dip_clone_Env.dBFA2_WGS_4C_1_D9_S59_R1_001,TCATCAAGGAAAAATTGAATTACTAA,1,CCCAGAATGGGGTTTGTGTTTTAGGA,1
Dip_clone_Env.dBFA2_WGS_6D_1_B11_S34_R1_001,ACTATAATCGGCAACGCATTTGGTCA,4,,
Dip_clone_Env.dBFA2_WGS_10C_4_G7_S36_R1_001,,,,
Dip_clone_Env.dBFA2_WGS_11C_4_C10_S66_R1_001,AAGCTAAGGGGGAAGTATGTTGCGCA,1,TACCCAACGAAATTGTGTTTTTTTGA,1
Dip_clone_Env.dBFA2_WGS_11C_4_D9_S9_R1_001,,,GTGTCAATCGATTTTTTTGTTATGTA,1
Dip_clone_Env.dBFA2_WGS_4C_1_C11_S50_R1_001,,,,
Dip_clone_Env.dBFA2_WGS_6C_1_E3_S61_R1_001,,,,
Dip_clone_Env.dBFA2_WGS_10C_4_C6_S25_R1_001,,,,
Dip_clone_Env.dBFA2_WGS_11C_4_G8_S67_R1_001,AAGGCAATGCGAAAAACGCTTGGGTC,3,,
Dip_clone_Env.dBFA2_WGS_4D_1_A2_S51_R1_001,TTGTAAATCGCTAACGAATTTGGGCA,1,TCATGAAACACATTCATCGTTTACGA,2
Dip_clone_Env.dBFA2_WGS_10C_4_F2_S6_R1_001,CGCCAAATGGTAAAAGTTCTTTAACC,1,,
Dip_clone_Env.dBFA2_WGS_10D_1_D4_S17_R1_001,,,,
Dip_clone_Env.dBFA2_WGS_11C_4_A9_S38_R1_001,,,GTGTCAATCGATTTTTTTGTTATGTA,3
Dip_clone_Env.dBFA2_WGS_4D_1_H9_S3_R1_001,,,,
Dip_clone_Env.dBFA2_WGS_6D_1_F2_S53_R1_001,CTTTTAACGGAAAACCCACTTAGGTA,1,,
Dip_clone_Env.dBFA2_WGS_11C_4_A3_S8_R1_001,ATAGAAAATTTCAATGGGATTATGCT,1,TTTCTAATAGCCTTAAGTCTTGTTCA,2
Dip_clone_Env.dBFA2_WGS_11C_4_E9_S39_R1_001,ACTAAAACCCTTAATATGGTTTACAA,2,GTGTCAATCGATTTTTTTGTTATGTA,1
Dip_clone_Env.dBFA2_WGS_10C_4_D1_S35_R1_001,CCAAGAAACTAGAATTGTTTTACTCA,4,,
Dip_clone_Env.dBFA2_WGS_4C_1_A7_S11_R1_001,,,CCCAGAATGGGGTTTGTGTTTTAGGA,1
Dip_clone_Env.dBFA2_WGS_10C_4_G1_S16_R1_001,,,,
Dip_clone_Env.dBFA2_WGS_4C_1_G7_S32_R1_001,CAACAAAACAGTAATAATGTTTGCTT,2,,
Dip_clone_Env.dBFA2_WGS_4C_1_B11_S21_R1_001,ATGAGAAACCTTAACGTGATTAGGTA,1,CCCAGAATGGGGTTTGTGTTTTAGGA,4
Dip_clone_Env.dBFA2_WGS_6D_1_C11_S44_R1_001,,,ATATAAACTTTGTTTGTTCTTTAGGT,1
Dip_clone_Env.dBFA2_WGS_11C_4_E4_S19_R1_001,TCGCGAACAGGAAAGATGATTGCGAC,1,GTGTCAATCGATTTTTTTGTTATGTA,1
Dip_clone_Env.dBFA2_WGS_11C_4_E8_S29_R1_001,AAAGGAACTTAAAAACGAATTCAACA,1,,
Dip_clone_Env.dBFA2_WGS_11D_1_D1_S20_R1_001,TCGCGAACAGGAAAGATGATTGCGAC,1,,
Dip_clone_Env.dBFA2_WGS_11C_4_G6_S58_R1_001,TGCACAAAATAAAATATCCTTCCTGA,1,,
Dip_clone_Env.dBFA2_WGS_11D_1_H4_S30_R1_001,,,GTGTCAATCGATTTTTTTGTTATGTA,1
Dip_clone_Env.dBFA2_WGS_4C_1_D10_S68_R1_001,,,TCATGAAACACATTCATCGTTTACGA,3
Dip_clone_Env.dBFA2_WGS_6D_1_G3_S62_R1_001,,,,
Dip_clone_Env.dBFA2_WGS_6D_1_A4_S14_R1_001,AATTCAACAAAAAAGACTTTTAATGA,1,,
Dip_clone_Env.dBFA2_WGS_6C_1_D4_S52_R1_001,,,,
Dip_clone_Env.dBFA2_WGS_4C_1_F10_S22_R1_001,,,AACGAAACAGTGTTGTAATTTTGTGA,1
Dip_clone_Env.dBFA2_WGS_10D_1_B5_S7_R1_001,,,,
Dip_clone_Env.dBFA2_WGS_4C_1_C7_S41_R1_001,,,,
Dip_clone_Env.dBFA2_WGS_10C_4_H1_S46_R1_001,CAACGAATGACGAAACAGGTTGTGAT,5,,
Dip_clone_Env.dBFA2_WGS_11C_4_A4_S18_R1_001,GACCGAATGGTAAATAATTTTCCAAG,1,,
Dip_clone_Env.dBFA2_WGS_10D_1_F1_S56_R1_001,GTATCAACTTAAAAGAATGTTCGACC,1,,
Dip_clone_Env.dBFA2_WGS_11D_1_B6_S10_R1_001,GACCGAATGGTAAATAATTTTCCAAG,1,TACCCAACGAAATTGTGTTTTTTTGA,2
Dip_clone_Env.dBFA2_WGS_10D_1_A2_S40_R1_001,CATAAAATCAATAAATGTGTTCTGC,2,,
Dip_clone_Env.dBFA2_WGS_11C_4_F8_S49_R1_001,ATCTCAAACCCGAATATTCTTCCCGC,1,TACCCAACGAAATTGTGTTTTTTTGA,1
Dip_clone_Env.dBFA2_WGS_11C_4_C4_S57_R1_001,,,TACCCAACGAAATTGTGTTTTTTTGA,1
Dip_clone_Env.dBFA2_WGS_10D_1_E2_S37_R1_001,CACAGAACATCGAACCGAGTTTTGAT,1,CACTTAACTTGGTTAACGTTTGCCAG,2
Dip_clone_Env.dBFA2_WGS_10D_1_B1_S73_R1_001,TAAACAACTGATAACTGAATTGCAGA,2,CACATAACATGCTTTTTAATTTGTCG,1
Dip_clone_Env.dBFA2_WGS_6C_1_C6_S43_R1_001,AATGAAAAAGTGAAAGACCTTTACAG,2,,
Dip_clone_Env.dBFA2_WGS_10D_1_H6_S74_R1_001,GTGTCAAGAAACAACGTTCTTACTTT,1,CGGTTAATGGCTTTCTTCTTTGCTTG,2
Dip_clone_Env.dBFA2_WGS_10C_4_B3_S5_R1_001,ATGACAACAAGAAAGCTCATTTACGC,2,,
Dip_clone_Env.dBFA2_WGS_10C_4_D7_S54_R1_001,,,,
Dip_clone_Env.dBFA2_WGS_11C_4_B4_S48_R1_001,,,,
Dip_clone_Env.dBFA2_WGS_4C_1_E3_S2_R1_001,,,,
Dip_clone_Env.dBFA2_WGS_11C_4_H8_S76_R1_001,,,,
Dip_clone_Env.dBFA2_WGS_10D_1_A5_S55_R1_001,,,,
Dip_clone_Env.dBFA2_WGS_6C_1_A3_S13_R1_001,TACCTAATCACAAAGCCAGTTCTTCG,1,ATATAAACTTTGTTTGTTCTTTAGGT,2
Dip_clone_Env.dBFA2_WGS_6D_1_A9_S24_R1_001,,,,
Dip_clone_Env.dBFA2_WGS_10C_4_D6_S45_R1_001,,,,
Dip_clone_Env.dBFA2_WGS_6C_1_B2_S33_R1_001,GGAACAATCTTGAAGAGTTTTTATGA,3,,
Dip_clone_Env.dBFA2_WGS_4C_1_A5_S1_R1_001,,,TCATGAAACACATTCATCGTTTACGA,1
Dip_clone_Env.dBFA2_WGS_4D_1_B10_S60_R1_001,,,,
Dip_clone_Env.dBFA2_WGS_4D_1_C9_S69_R1_001,,,AACGAAACAGTGTTGTAATTTTGTGA,1
Dip_clone_Env.dBFA2_WGS_11C_4_D8_S75_R1_001,GTCCGATAAACACTAACTGGGTTACATC,1,,
Dip_clone_Env.dBFA2_WGS_10D_1_F3_S65_R1_001,,,CACATAACATGCTTTTTAATTTGTCG,1
Dip_clone_Env.dBFA2_WGS_6C_1_A4_S23_R1_001,,,ATATAAACTTTGTTTGTTCTTTAGGT,2
Dip_clone_Env.dBFA2_WGS_10C_4_G6_S26_R1_001,GTACTAAACCCTAAATAACTTGTTTT,2,,
Dip_clone_Env.dBFA2_WGS_4C_1_C5_S31_R1_001,,,,
Dip_clone_Env.dBFA2_WGS_10C_4_E8_S72_R1_001,GCGGAAAGTAAAAAAGGTTTTGGTCA,1,,
Dip_clone_Env.dBFA2_WGS_10D_1_A6_S64_R1_001,TTGAGAACACGGAACGGTATTTAGTC,2,CACTTAACTTGGTTAACGTTTGCCAG,1
Dip_clone_Env.dBFA2_WGS_10C_4_E2_S63_R1_001,,,,
Dip_clone_Env.dBFA2_WGS_10D_1_E6_S47_R1_001,,,,
GlyEtOH_2N_20170616.Gly-H12-ATCTCAGG-CGGAGAGA_S96_R1_001,,,,
GlyEtOH_2N_20170616.Gly-D2-CGTACTAG-TATGCAGT_S38_R1_001,,,,
GlyEtOH_2N_20170616.Gly-B12-ATCTCAGG-AGAGGATA_S24_R1_001,GGCCGAATGTGCAAAAGCGTTGGCCA,2,,
GlyEtOH_2N_20170616.Gly-G4-TCCTGAGC-ATTAGACG_S76_R1_001,CTACAAAAGGTCAATCTTATTCATTA,1,,
GlyEtOH_2N_20170616.Gly-B8-CGAGGCTG-AGAGGATA_S20_R1_001,AATGAAAGTTTCAAATCCATTTGCAT,1,CATTTAATAGTGTTTGCGTTTAATCT,1
GlyEtOH_2N_20170616.Gly-E2-CGTACTAG-TACTCCTT_S50_R1_001,,,TACATAAAAAGTTTAACGATTTCATC,1
GlyEtOH_2N_20170616.Gly-A8-CGAGGCTG-ATAGAGAG_S8_R1_001,AAGCCAAGTTGTAACGGCTTTTGTGA;ACATCAAAATTTAATTTGATTTTTTG;CTTAAAAATCGTAAGAATGTTACAAT;TTGTAAAATGAGAAAGCAATTCTGCC;AAAGTAAGCCAGAAAAGGTTTATAGT;AAATAAAACCCTAAGGATTTTTACGT;TTTTGAAACTTCAACGCCGTTACGTT;CTCTCAACCTTTAATATTATTTACCA;CTGCAAACCTGAAAATTCATTGGATA;CACTAAAACACGAATGAACTTTTTTC;TCAGTAACAAACAATGGTGTTAAAGA;ACACGAAAATGCAAAGGAATTATTAT,1;1;2;1;1;1;1;1;1;1;1;1,CACATAACATGCTTTTTAATTTGTCG;GAACAAAAAATCTTGAGACTTCCAAC;AAGGCAAGATTCTTGTTCTTTGTAGT;CATTTAATAGTGTTTGCGTTTAATCT;GGCGCAAACATTTTGTTTATTTGAGT;ATTTCAAGATTCTTTACGGTTGGGGG;TGAGTAACTTTATTGGCGGTTCGGGG;TTATTAACTTCATTAGTAATTTGTTG;AAACAAACTTTCTTTTTTCTTTATGC;TCATGAAACACATTCATCGTTTACGA;TTATCAAACTTGTTTTTCGTTCCATG;ATATAAACTTTGTTTGTTCTTTAGGT;CACCTAAATTAGTTATCCATTCGGCT;GTGTCAATCGATTTTTTTGTTATGTA;GAGGCAATGGGGTTGCGTGTTTAAAG;CTAAGAAAGCGATTCGTGTTTGAATG,1;3;1;2;1;1;1;1;3;1;2;1;1;2;1;1
GlyEtOH_2N_20170616.Gly-C10-GTAGAGGA-CTCCTTAC_S34_R1_001,AAATTAATATTGAAATGTTTTGGATA,4,GGGACAAGTGGGTTGGAGGTTGGGGG,1
GlyEtOH_2N_20170616.Gly-B7-CTCTCTAC-AGAGGATA_S19_R1_001,GTAACAATACGCAACGATATTCCAAG,3,AACGTAAATCCATTTCCCATTGATCC,2
GlyEtOH_2N_20170616.Gly-G3-AGGCAGAA-ATTAGACG_S75_R1_001,,,,
GlyEtOH_2N_20170616.Gly-C9-AAGAGGCA-CTCCTTAC_S33_R1_001,,,,
GlyEtOH_2N_20170616.Gly-C6-TAGGCATG-CTCCTTAC_S30_R1_001,TTTATAACTCCTAACTAAATTTGTTA,2,GGGACAAGTGGGTTGGAGGTTGGGGG,1
GlyEtOH_2N_20170616.Gly-F3-AGGCAGAA-AGGCTTAG_S63_R1_001,,,AACTAAATACCCTTTCAATTTGATGC,1
GlyEtOH_2N_20170616.Gly-A5-GGACTCCT-ATAGAGAG_S5_R1_001,CGACAAAGCGTGAAGGAAATTAGTGT,1,GGGACAAGTGGGTTGGAGGTTGGGGG,1
GlyEtOH_2N_20170616.Gly-D4-TCCTGAGC-TATGCAGT_S40_R1_001,TCCGTAATTCTAAAATACATTTACCG,2,,
GlyEtOH_2N_20170616.Gly-B10-GTAGAGGA-AGAGGATA_S22_R1_001,TCATAAAGTGTCAAATCTATTGAGAT,1,,
GlyEtOH_2N_20170616.Gly-B2-CGTACTAG-AGAGGATA_S14_R1_001,,,GGGACAAGTGGGTTGGAGGTTGGGGG,1
GlyEtOH_2N_20170616.Gly-C3-AGGCAGAA-CTCCTTAC_S27_R1_001,CGCCTAAAACCTAATATGCTTCGTTA,2,AACGTAAATCCATTTCCCATTGATCC,1
GlyEtOH_2N_20170616.Gly-D1-TAAGGCGA-TATGCAGT_S37_R1_001,TACTTAAAAGAGAACACTTTTTGCTG,1,,
GlyEtOH_2N_20170616.Gly-B4-TCCTGAGC-AGAGGATA_S16_R1_001,TCCTAAACGGTAAACTAATTTGGCTA,4,,
GlyEtOH_2N_20170616.Gly-D5-GGACTCCT-TATGCAGT_S41_R1_001,TAGAAAAACAGGAAACGCCTTCGAAA,1,,
GlyEtOH_2N_20170616.Gly-F9-AAGAGGCA-AGGCTTAG_S69_R1_001,TTTCTAAATCTTAATCCAATTTCTAA,2,,
GlyEtOH_2N_20170616.Gly-E6-TAGGCATG-TACTCCTT_S54_R1_001,CATTAAACACTTAATCCAATTCATGA,1,GGGACAAGTGGGTTGGAGGTTGGGGG,2
GlyEtOH_2N_20170616.Gly-E12-ATCTCAGG-TACTCCTT_S60_R1_001,,,,
GlyEtOH_2N_20170616.Gly-A12-ATCTCAGG-ATAGAGAG_S12_R1_001,TTCCCAAAATGCAACGGAATTGACAC,1,GGGACAAGTGGGTTGGAGGTTGGGGG,4
GlyEtOH_2N_20170616.Gly-A9-AAGAGGCA-ATAGAGAG_S9_R1_001,TAAGGAATCTCTAATCGAGTTACAGT,2,AACGTAAATCCATTTCCCATTGATCC,2
GlyEtOH_2N_20170616.Gly-G12-ATCTCAGG-ATTAGACG_S84_R1_001,GCCCAAACAGTAAAATCAGTTTGGTT,1,,
GlyEtOH_2N_20170616.Gly-E5-GGACTCCT-TACTCCTT_S53_R1_001,GCTGAAAAAATAAATGGAGTTTGTTA,2,GGGACAAGTGGGTTGGAGGTTGGGGG,2
GlyEtOH_2N_20170616.Gly-F2-CGTACTAG-AGGCTTAG_S62_R1_001,,,,
GlyEtOH_2N_20170616.Gly-B3-AGGCAGAA-AGAGGATA_S15_R1_001,TACATAATCGTAAAACAAGTTGGACG,3,ATCACAATATGTTTACGTATTGTCCT,3
GlyEtOH_2N_20170616.Gly-C1-TAAGGCGA-CTCCTTAC_S25_R1_001,TTTAAAAACTATAACTACATTTGTCA,1,,
GlyEtOH_2N_20170616.Gly-H3-AGGCAGAA-CGGAGAGA_S87_R1_001,,,,
GlyEtOH_2N_20170616.Gly-E8-CGAGGCTG-TACTCCTT_S56_R1_001,,,CATTTAATAGTGTTTGCGTTTAATCT,3
GlyEtOH_2N_20170616.Gly-G11-GCTCATGA-ATTAGACG_S83_R1_001,,,,
GlyEtOH_2N_20170616.Gly-G5-GGACTCCT-ATTAGACG_S77_R1_001,,,,
GlyEtOH_2N_20170616.Gly-C8-CGAGGCTG-CTCCTTAC_S32_R1_001,ACACTAACCAGTAACTCACTTCAACT,1,GGGACAAGTGGGTTGGAGGTTGGGGG,1
GlyEtOH_2N_20170616.Gly-E3-AGGCAGAA-TACTCCTT_S51_R1_001,,,CCTCAAAGCAAATTGTTTGTTTACGT,2
GlyEtOH_2N_20170616.Gly-E9-AAGAGGCA-TACTCCTT_S57_R1_001,TACAAAAAATTAAAAAAAGTTCGCAC,1,GGGACAAGTGGGTTGGAGGTTGGGGG,1
GlyEtOH_2N_20170616.Gly-A3-AGGCAGAA-ATAGAGAG_S3_R1_001,,,CATTTAATAGTGTTTGCGTTTAATCT,1
GlyEtOH_2N_20170616.Gly-D9-AAGAGGCA-TATGCAGT_S45_R1_001,ATCAGAAAAGCAAACGTATTTAATTA,1,,
GlyEtOH_2N_20170616.Gly-E7-CTCTCTAC-TACTCCTT_S55_R1_001,TAATCAATAAATAATAGGATTTCGGC,2,,
GlyEtOH_2N_20170616.Gly-H2-CGTACTAG-CGGAGAGA_S86_R1_001,,,,
GlyEtOH_2N_20170616.Gly-F7-CTCTCTAC-AGGCTTAG_S67_R1_001,TTGATAATATATAATATATTTGGGAA,1,,
GlyEtOH_2N_20170616.Gly-D12-ATCTCAGG-TATGCAGT_S48_R1_001,,,,
GlyEtOH_2N_20170616.Gly-H9-AAGAGGCA-CGGAGAGA_S93_R1_001,,,,
GlyEtOH_2N_20170616.Gly-F5-GGACTCCT-AGGCTTAG_S65_R1_001,TTTAAAATTTACAAAAACGTTGATCA,1,CCTCAAAGCAAATTGTTTGTTTACGT,1
GlyEtOH_2N_20170616.Gly-D11-GCTCATGA-TATGCAGT_S47_R1_001,ACGAAAAATAACAATAATGTTTAGTG,3,,
GlyEtOH_2N_20170616.Gly-F10-GTAGAGGA-AGGCTTAG_S70_R1_001,CTGTTAACTACAAACTTATTTCGTCC,2,,
GlyEtOH_2N_20170616.Gly-H8-CGAGGCTG-CGGAGAGA_S92_R1_001,,,,
GlyEtOH_2N_20170616.Gly-H4-TCCTGAGC-CGGAGAGA_S88_R1_001,,,,
GlyEtOH_2N_20170616.Gly-A7-CTCTCTAC-ATAGAGAG_S7_R1_001,ATCAGAACAAATAAAGACTTTAGCGA,2,CATTTAATAGTGTTTGCGTTTAATCT,1
GlyEtOH_2N_20170616.Gly-G8-CGAGGCTG-ATTAGACG_S80_R1_001,AAGACAATATGGAACACTGTTAACCA,1,GGGACAAGTGGGTTGGAGGTTGGGGG,1
GlyEtOH_2N_20170616.Gly-E1-TAAGGCGA-TACTCCTT_S49_R1_001,TAGACAAGTCTCAAGGTTGTTAATAC,2,CATTTAATAGTGTTTGCGTTTAATCT,3
GlyEtOH_2N_20170616.Gly-C2-CGTACTAG-CTCCTTAC_S26_R1_001,GTCCGAAACGGGAACTGCGTTGGCGA;CTAGTAAACCTAAAGTTTCTTGAGTG,1;1,,
GlyEtOH_2N_20170616.Gly-B9-AAGAGGCA-AGAGGATA_S21_R1_001,TTCTTAATCGATAATTACTTTGTATA,1,CATTTAATAGTGTTTGCGTTTAATCT,1
GlyEtOH_2N_20170616.Gly-H5-GGACTCCT-CGGAGAGA_S89_R1_001,,,,
GlyEtOH_2N_20170616.Gly-F4-TCCTGAGC-AGGCTTAG_S64_R1_001,AGGTTAAACGCAAACAGTATTTCGCT,1,,
GlyEtOH_2N_20170616.Gly-G10-GTAGAGGA-ATTAGACG_S82_R1_001,,,,
GlyEtOH_2N_20170616.Gly-C5-GGACTCCT-CTCCTTAC_S29_R1_001,,,GGGACAAGTGGGTTGGAGGTTGGGGG,1
GlyEtOH_2N_20170616.Gly-G1-TAAGGCGA-ATTAGACG_S73_R1_001,CGGAAAAGGCCTAAACACATTAATAG,1,,
GlyEtOH_2N_20170616.Gly-B11-GCTCATGA-AGAGGATA_S23_R1_001,CCCTTAAAATAGAATCAGTTTTTATG,2,,
GlyEtOH_2N_20170616.Gly-H11-GCTCATGA-CGGAGAGA_S95_R1_001,,,,
GlyEtOH_2N_20170616.Gly-F1-TAAGGCGA-AGGCTTAG_S61_R1_001,ATTACAAAATGGAAGCATGTTCCGTC,1,,
GlyEtOH_2N_20170616.Gly-D3-AGGCAGAA-TATGCAGT_S39_R1_001,AAACTAATCTGCAACGACATTCGGTC,3,CGAATAATCAAGTTTATTGTTTAATT,1
GlyEtOH_2N_20170616.Gly-F6-TAGGCATG-AGGCTTAG_S66_R1_001,AGGCAAACACTTAATTAGATTTAAAG,4,,
GlyEtOH_2N_20170616.Gly-A10-GTAGAGGA-ATAGAGAG_S10_R1_001,AATCTAACGATTAATTACATTTCGGA,1,,
GlyEtOH_2N_20170616.Gly-H7-CTCTCTAC-CGGAGAGA_S91_R1_001,,,,
GlyEtOH_2N_20170616.Gly-B1-TAAGGCGA-AGAGGATA_S13_R1_001,ATAAGAAAATTAAATCCCTTTTATTG,1,CGAATAATCAAGTTTATTGTTTAATT,2
GlyEtOH_2N_20170616.Gly-D7-CTCTCTAC-TATGCAGT_S43_R1_001,CATCGAACCGATAAGTAATTTAGCGA,3,GGGACAAGTGGGTTGGAGGTTGGGGG,1
GlyEtOH_2N_20170616.Gly-D6-TAGGCATG-TATGCAGT_S42_R1_001,CGATTAAAATAGAAGGCTTTTATCTC,2,TGCGAAAGGATGTTAAGAGTTTTCGG,1
GlyEtOH_2N_20170616.Gly-F12-ATCTCAGG-AGGCTTAG_S72_R1_001,,,,
GlyEtOH_2N_20170616.Gly-C12-ATCTCAGG-CTCCTTAC_S36_R1_001,,,,
GlyEtOH_2N_20170616.Gly-H6-TAGGCATG-CGGAGAGA_S90_R1_001,,,,
GlyEtOH_2N_20170616.Gly-C11-GCTCATGA-CTCCTTAC_S35_R1_001,,,,
GlyEtOH_2N_20170616.Gly-A4-TCCTGAGC-ATAGAGAG_S4_R1_001,GGGTTAATCTGCAACCCTGTTCGCAC,1,CATTTAATAGTGTTTGCGTTTAATCT,1
GlyEtOH_2N_20170616.Gly-A6-TAGGCATG-ATAGAGAG_S6_R1_001,,,CATTTAATAGTGTTTGCGTTTAATCT,1
GlyEtOH_2N_20170616.Gly-C4-TCCTGAGC-CTCCTTAC_S28_R1_001,CTAAAAAGGAGGAAACGACTTATGGC,1,CGAATAATCAAGTTTATTGTTTAATT,2
GlyEtOH_2N_20170616.Gly-D8-CGAGGCTG-TATGCAGT_S44_R1_001,,,CATTTAATAGTGTTTGCGTTTAATCT,1
GlyEtOH_2N_20170616.Gly-A1-TAAGGCGA-ATAGAGAG_S1_R1_001,CGGCCAACTCTCAATGTGGTTCGATA,1,,
GlyEtOH_2N_20170616.Gly-E4-TCCTGAGC-TACTCCTT_S52_R1_001,,,,
GlyEtOH_2N_20170616.Gly-H10-GTAGAGGA-CGGAGAGA_S94_R1_001,,,,
GlyEtOH_2N_20170616.Gly-G9-AAGAGGCA-ATTAGACG_S81_R1_001,GATCCAACCACAAAGATCCTTTAAGAT,1,TGCGAAAGGATGTTAAGAGTTTTCGG,2
GlyEtOH_2N_20170616.Gly-B6-TAGGCATG-AGAGGATA_S18_R1_001,TATTTAAACGACAAATTAGTTATTCT,1,ATCACAATATGTTTACGTATTGTCCT,1
GlyEtOH_2N_20170616.Gly-G6-TAGGCATG-ATTAGACG_S78_R1_001,,,,
GlyEtOH_2N_20170616.Gly-A2-CGTACTAG-ATAGAGAG_S2_R1_001,GACGGAAGAGTGAAGTCAGTTCGACA,1,,
GlyEtOH_2N_20170616.Gly-E10-GTAGAGGA-TACTCCTT_S58_R1_001,TAACCAACAACTAACTTGTTTCTTGA,1,CATTTAATAGTGTTTGCGTTTAATCT,1
GlyEtOH_2N_20170616.Gly-D10-GTAGAGGA-TATGCAGT_S46_R1_001,AATACAACTGGTAAGGTTATTCACAA,2,CATTTAATAGTGTTTGCGTTTAATCT,1
GlyEtOH_2N_20170616.Gly-F11-GCTCATGA-AGGCTTAG_S71_R1_001,GGTTAAATCTTAAATCATTTTCTCGT,1,,
GlyEtOH_2N_20170616.Gly-G7-CTCTCTAC-ATTAGACG_S79_R1_001,CAATCAACTTCGAATGTTGTTGTCCA,2,CGAATAATCAAGTTTATTGTTTAATT,1
GlyEtOH_2N_20170616.Gly-H1-TAAGGCGA-CGGAGAGA_S85_R1_001,TTCCGAAAATTGAAAGTCGTTTATTG,2,,
GlyEtOH_2N_20170616.Gly-E11-GCTCATGA-TACTCCTT_S59_R1_001,TTTTAAACTGTGAAGTCGTTTTAGTT,1,GGGACAAGTGGGTTGGAGGTTGGGGG,2
GlyEtOH_2N_20170616.Gly-F8-CGAGGCTG-AGGCTTAG_S68_R1_001,,,GGGACAAGTGGGTTGGAGGTTGGGGG,1
GlyEtOH_2N_20170616.Gly-G2-CGTACTAG-ATTAGACG_S74_R1_001,,,,
GlyEtOH_2N_20170616.Gly-B5-GGACTCCT-AGAGGATA_S17_R1_001,CAATGAAACTAAAAAGAATTTTTACG,3,GGGACAAGTGGGTTGGAGGTTGGGGG,2
GlyEtOH_2N_20170616.Gly-C7-CTCTCTAC-CTCCTTAC_S31_R1_001,ATAACAACGAGAAATTGAGTTTCTGA,4,,
GlyEtOH_2N_20170616.Gly-A11-GCTCATGA-ATAGAGAG_S11_R1_001,GCGGAAAGGAGGAAATCTGTTGGGCT,2,,
CLM_R2_clones_1N.P1-F8-CGAGGCTG-AGGCTTAG_S68_L001_R1_001,,,,
CLM_R2_clones_1N.P1-G4-TCCTGAGC-ATTAGACG_S76_L001_R1_001,TTATGAAATGTGAAGAAGTTTGAAAA,1,,
CLM_R2_clones_1N.P1-G8-CGAGGCTG-ATTAGACG_S80_L001_R1_001,,,,
CLM_R2_clones_1N.P1-C1-TAAGGCGA-CTCCTTAC_S25_L001_R1_001,,,,
CLM_R2_clones_1N.P1-G10-GTAGAGGA-ATTAGACG_S82_L001_R1_001,,,,
CLM_R2_clones_1N.P1-G2-CGTACTAG-ATTAGACG_S74_L001_R1_001,,,,
CLM_R2_clones_1N.P1-F11-GCTCATGA-AGGCTTAG_S71_L001_R1_001,,,CTAGCAATGGTATTGGAGTTTCCTCT,1
CLM_R2_clones_1N.P1-E5-GGACTCCT-TACTCCTT_S53_L001_R1_001,,,TTCCCAAGCGAATTATATTTTTGAGA,1
CLM_R2_clones_1N.P1-A5-GGACTCCT-ATAGAGAG_S5_L001_R1_001,,,,
CLM_R2_clones_1N.P1-A7-CTCTCTAC-ATAGAGAG_S7_L001_R1_001,,,,
CLM_R2_clones_1N.P1-C5-GGACTCCT-CTCCTTAC_S29_L001_R1_001,,,,
CLM_R2_clones_1N.P1-H1-TAAGGCGA-CGGAGAGA_S85_L001_R1_001,TCTTCAATCCTTAAGGTGATTTCAGA,1,,
CLM_R2_clones_1N.P1-C4-TCCTGAGC-CTCCTTAC_S28_L001_R1_001,,,,
CLM_R2_clones_1N.P1-E2-CGTACTAG-TACTCCTT_S50_L001_R1_001,,,,
CLM_R2_clones_1N.P1-F3-AGGCAGAA-AGGCTTAG_S63_L001_R1_001,TTGACAATCTGTAATTGAATTTGTGG,2,TACAAAACACGTTTTCGGCTTAGCAA,1
CLM_R2_clones_1N.P1-F4-TCCTGAGC-AGGCTTAG_S64_L001_R1_001,,,,
CLM_R2_clones_1N.P1-H8-CGAGGCTG-CGGAGAGA_S92_L001_R1_001,,,,
CLM_R2_clones_1N.P1-B8-CGAGGCTG-AGAGGATA_S20_L001_R1_001,TTATGAAATGTGAAGAAGTTTGAAAA,1,,
CLM_R2_clones_1N.P1-F10-GTAGAGGA-AGGCTTAG_S70_L001_R1_001,GGGGCAAACTTGAAGAGAGTTGGGCG,2,,
CLM_R2_clones_1N.P1-G5-GGACTCCT-ATTAGACG_S77_L001_R1_001,,,,
CLM_R2_clones_1N.P1-D1-TAAGGCGA-TATGCAGT_S37_L001_R1_001,CGATGAAAGGGAAAATGAATTAACAG,1,,
CLM_R2_clones_1N.P1-C2-CGTACTAG-CTCCTTAC_S26_L001_R1_001,,,,
CLM_R2_clones_1N.P1-C3-AGGCAGAA-CTCCTTAC_S27_L001_R1_001,,,GTGTCAATCGATTTTTTTGTTATGTA,1
CLM_R2_clones_1N.P1-F1-TAAGGCGA-AGGCTTAG_S61_L001_R1_001,,,,
CLM_R2_clones_1N.P1-C6-TAGGCATG-CTCCTTAC_S30_L001_R1_001,,,,
CLM_R2_clones_1N.P1-D6-TAGGCATG-TATGCAGT_S42_L001_R1_001,,,TAGATAATAGGGTTTGTCCTTATTTT,1
CLM_R2_clones_1N.P1-A2-CGTACTAG-ATAGAGAG_S2_L001_R1_001,,,CACTTAACTTGGTTAACGTTTGCCAG,1
CLM_R2_clones_1N.P1-D9-AAGAGGCA-TATGCAGT_S45_L001_R1_001,,,ACGGGAAGCCAGTTGGGGCTTGCAGG,1
CLM_R2_clones_1N.P1-B11-GCTCATGA-AGAGGATA_S23_L001_R1_001,,,,
CLM_R2_clones_1N.P1-B3-AGGCAGAA-AGAGGATA_S15_L001_R1_001,,,,
CLM_R2_clones_1N.P1-D2-CGTACTAG-TATGCAGT_S38_L001_R1_001,,,,
CLM_R2_clones_1N.P1-D10-GTAGAGGA-TATGCAGT_S46_L001_R1_001,AAAGCAACATGTAACGTGCTTTCTCA,1,,
CLM_R2_clones_1N.P1-B9-AAGAGGCA-AGAGGATA_S21_L001_R1_001,,,,
CLM_R2_clones_1N.P1-D11-GCTCATGA-TATGCAGT_S47_L001_R1_001,CGATGAAAGGGAAAATGAATTAACAG,2,,
CLM_R2_clones_1N.P1-F9-AAGAGGCA-AGGCTTAG_S69_L001_R1_001,AGATAAAATTTCAACATCATTAAGGT,1,,
CLM_R2_clones_1N.P1-B7-CTCTCTAC-AGAGGATA_S19_L001_R1_001,,,TACAAAACACGTTTTCGGCTTAGCAA,1
CLM_R2_clones_1N.P1-B4-TCCTGAGC-AGAGGATA_S16_L001_R1_001,TACGTAATCTTAAAATGCATTCACAA,1,,
CLM_R2_clones_1N.P1-E8-CGAGGCTG-TACTCCTT_S56_L001_R1_001,,,,
CLM_R2_clones_1N.P1-C7-CTCTCTAC-CTCCTTAC_S31_L001_R1_001,,,,
CLM_R2_clones_1N.P1-B6-TAGGCATG-AGAGGATA_S18_L001_R1_001,TGTTAAATGAAAAAAACGTTTTTATA,2,,
CLM_R2_clones_1N.P1-H4-TCCTGAGC-CGGAGAGA_S88_L001_R1_001,,,,
CLM_R2_clones_1N.P1-G12-ATCTCAGG-ATTAGACG_S84_L001_R1_001,CGATGAAAGGGAAAATGAATTAACAG,1,,
CLM_R2_clones_1N.P1-B12-ATCTCAGG-AGAGGATA_S24_L001_R1_001,,,,
CLM_R2_clones_1N.P1-G6-TAGGCATG-ATTAGACG_S78_L001_R1_001,CGATGAAAGGGAAAATGAATTAACAG,1,,
CLM_R2_clones_1N.P1-E1-TAAGGCGA-TACTCCTT_S49_L001_R1_001,AAAGCAACATGTAACGTGCTTTCTCA,1,,
CLM_R2_clones_1N.P1-H10-GTAGAGGA-CGGAGAGA_S94_L001_R1_001,,,,
CLM_R2_clones_1N.P1-A6-TAGGCATG-ATAGAGAG_S6_L001_R1_001,,,,
CLM_R2_clones_1N.P1-G9-AAGAGGCA-ATTAGACG_S81_L001_R1_001,,,,
CLM_R2_clones_1N.P1-D4-TCCTGAGC-TATGCAGT_S40_L001_R1_001,,,,
CLM_R2_clones_1N.P1-H3-AGGCAGAA-CGGAGAGA_S87_L001_R1_001,,,TTGTAAACTATTTTGAATCTTTTCAT,1
CLM_R2_clones_1N.P1-D7-CTCTCTAC-TATGCAGT_S43_L001_R1_001,,,,
CLM_R2_clones_1N.P1-B10-GTAGAGGA-AGAGGATA_S22_L001_R1_001,TACACAATTGTTAAATGCTTTGATAG,2,,
CLM_R2_clones_1N.P1-E6-TAGGCATG-TACTCCTT_S54_L001_R1_001,TGGCGAAATCTCAAGTAGCTTGTAGG,2,,
CLM_R2_clones_1N.P1-E7-CTCTCTAC-TACTCCTT_S55_L001_R1_001,,,,
CLM_R2_clones_1N.P1-H7-CTCTCTAC-CGGAGAGA_S91_L001_R1_001,,,,
CLM_R2_clones_1N.P1-E3-AGGCAGAA-TACTCCTT_S51_L001_R1_001,,,,
CLM_R2_clones_1N.P1-G1-TAAGGCGA-ATTAGACG_S73_L001_R1_001,,,,
CLM_R2_clones_1N.P1-H11-GCTCATGA-CGGAGAGA_S95_L001_R1_001,CATACAATATCGAATTCGATTGGGTT,2,TTCCCAAGCGAATTATATTTTTGAGA,2
CLM_R2_clones_1N.P1-C8-CGAGGCTG-CTCCTTAC_S32_L001_R1_001,,,,
CLM_R2_clones_1N.P1-A11-GCTCATGA-ATAGAGAG_S11_L001_R1_001,TACACAATTGTTAAATGCTTTGATAG,2,TTCCCAAGCGAATTATATTTTTGAGA,1
CLM_R2_clones_1N.P1-D3-AGGCAGAA-TATGCAGT_S39_L001_R1_001,GCTCTAAGAAAGAAATGCGTTGCTAG,2,,
CLM_R2_clones_1N.P1-A8-CGAGGCTG-ATAGAGAG_S8_L001_R1_001,,,,
CLM_R2_clones_1N.P1-A9-AAGAGGCA-ATAGAGAG_S9_L001_R1_001,,,,
CLM_R2_clones_1N.P1-G3-AGGCAGAA-ATTAGACG_S75_L001_R1_001,,,,
CLM_R2_clones_1N.P1-A12-ATCTCAGG-ATAGAGAG_S12_L001_R1_001,,,GGTTAAAAGTAATTATGCGTTTGGAT,1
CLM_R2_clones_1N.P1-F7-CTCTCTAC-AGGCTTAG_S67_L001_R1_001,,,,
CLM_R2_clones_1N.P1-D12-ATCTCAGG-TATGCAGT_S48_L001_R1_001,CGATGAAAGGGAAAATGAATTAACAG,2,,
CLM_R2_clones_1N.P1-F5-GGACTCCT-AGGCTTAG_S65_L001_R1_001,,,TTACTAAAAGTCTTCTATGTTTTCAT,1
CLM_R2_clones_1N.P1-E10-GTAGAGGA-TACTCCTT_S58_L001_R1_001,,,TTCCCAAGCGAATTATATTTTTGAGA,1
CLM_R2_clones_1N.P1-B1-TAAGGCGA-AGAGGATA_S13_L001_R1_001,AAAGCAACATGTAACGTGCTTTCTCA,1,,
CLM_R2_clones_1N.P1-A1-TAAGGCGA-ATAGAGAG_S1_L001_R1_001,,,,
CLM_R2_clones_1N.P1-B5-GGACTCCT-AGAGGATA_S17_L001_R1_001,,,,
CLM_R2_clones_1N.P1-G7-CTCTCTAC-ATTAGACG_S79_L001_R1_001,,,,
CLM_R2_clones_1N.P1-H6-TAGGCATG-CGGAGAGA_S90_L001_R1_001,AAAACAAGCACTAAATCGGTTAGCTC,2,TACAAAACACGTTTTCGGCTTAGCAA,1
CLM_R2_clones_1N.P1-C9-AAGAGGCA-CTCCTTAC_S33_L001_R1_001,,,TTCCCAAGCGAATTATATTTTTGAGA,1
CLM_R2_clones_1N.P1-F12-ATCTCAGG-AGGCTTAG_S72_L001_R1_001,,,,
CLM_R2_clones_1N.P1-C12-ATCTCAGG-CTCCTTAC_S36_L001_R1_001,,,,
CLM_R2_clones_1N.P1-E4-TCCTGAGC-TACTCCTT_S52_L001_R1_001,,,TGATTAAACAGATTATCTTTTATATT,1
CLM_R2_clones_1N.P1-F6-TAGGCATG-AGGCTTAG_S66_L001_R1_001,,,TTCCCAAGCGAATTATATTTTTGAGA,1
CLM_R2_clones_1N.P1-D8-CGAGGCTG-TATGCAGT_S44_L001_R1_001,,,TTCCCAAGCGAATTATATTTTTGAGA,1
CLM_R2_clones_1N.P1-A10-GTAGAGGA-ATAGAGAG_S10_L001_R1_001,GCTACAATTCAGAAGGAAGTTCGATA,1,,
CLM_R2_clones_1N.P1-H9-AAGAGGCA-CGGAGAGA_S93_L001_R1_001,,,,
CLM_R2_clones_1N.P1-C11-GCTCATGA-CTCCTTAC_S35_L001_R1_001,ATGTCAATATGTAAGATGCTTCGAAA,1,,
CLM_R2_clones_1N.P1-G11-GCTCATGA-ATTAGACG_S83_L001_R1_001,,,,
CLM_R2_clones_1N.P1-C10-GTAGAGGA-CTCCTTAC_S34_L001_R1_001,,,CAACAAAAGCGTTTTTTACTTGTAAT,2
CLM_R2_clones_1N.P1-B2-CGTACTAG-AGAGGATA_S14_L001_R1_001,,,,
CLM_R2_clones_1N.P1-F2-CGTACTAG-AGGCTTAG_S62_L001_R1_001,,,CAACAAAAGCGTTTTTTACTTGTAAT,1
CLM_R2_clones_1N.P1-E9-AAGAGGCA-TACTCCTT_S57_L001_R1_001,,,,
CLM_R2_clones_1N.P1-H5-GGACTCCT-CGGAGAGA_S89_L001_R1_001,,,,
CLM_R2_clones_1N.P1-E11-GCTCATGA-TACTCCTT_S59_L001_R1_001,,,,
CLM_R2_clones_1N.P1-A4-TCCTGAGC-ATAGAGAG_S4_L001_R1_001,AGCAGAAATCTAAAGTATCTTGACTT,1,,
CLM_R2_clones_1N.P1-E12-ATCTCAGG-TACTCCTT_S60_L001_R1_001,,,,
CLM_R2_clones_1N.P1-H12-ATCTCAGG-CGGAGAGA_S96_L001_R1_001,,,TTGTAAACTATTTTGAATCTTTTCAT,1
CLM_R2_clones_1N.P1-D5-GGACTCCT-TATGCAGT_S41_L001_R1_001,,,ACGGGAAGCCAGTTGGGGCTTGCAGG;GTCGGAAGGATCTTAAGTCTTGCTGA,1;1
CLM_R2_clones_1N.P1-A3-AGGCAGAA-ATAGAGAG_S3_L001_R1_001,,,,
CLM_R2_clones_1N.P1-H2-CGTACTAG-CGGAGAGA_S86_L001_R1_001,,,,
FLC_2N_Plate2.FLC-P2-E11-TGCAGCTA-CTTAATAG_S59_R1_001,TTTAAAAATGACAACCTAGTTGGATA,2,,
FLC_2N_Plate2.FLC-P2-A10-CGATCAGT-CTAGTCGA_S10_R1_001,,,,
FLC_2N_Plate2.FLC-P2-E2-GGAGCTAC-CTTAATAG_S50_R1_001,,,,
FLC_2N_Plate2.FLC-P2-H7-TAGCGCTC-TCGCATAA_S91_R1_001,,,,
FLC_2N_Plate2.FLC-P2-C7-TAGCGCTC-ACTCTAGG_S31_R1_001,ACTCAAACTAGGAAGATTATTTGGTA,1,,
FLC_2N_Plate2.FLC-P2-D10-CGATCAGT-TCTTACGC_S46_R1_001,,,,
FLC_2N_Plate2.FLC-P2-F1-ACTCGCTA-ATAGCCTT_S61_R1_001,ACACTAAGTTTTAATGGGATTAAACT,2,,
FLC_2N_Plate2.FLC-P2-F8-ACTGAGCG-ATAGCCTT_S68_R1_001,,,,
FLC_2N_Plate2.FLC-P2-F2-GGAGCTAC-ATAGCCTT_S62_R1_001,CTATGAAAACTTAATAGTATTATACG,1,,
FLC_2N_Plate2.FLC-P2-C12-TCGACGTC-ACTCTAGG_S36_R1_001,,,CCATGAACATATTTGTCAATTACTTA,1
FLC_2N_Plate2.FLC-P2-H4-CGGAGCCT-TCGCATAA_S88_R1_001,,,,
FLC_2N_Plate2.FLC-P2-E8-ACTGAGCG-CTTAATAG_S56_R1_001,,,,
FLC_2N_Plate2.FLC-P2-B11-TGCAGCTA-AGCTAGAA_S23_R1_001,,,,
FLC_2N_Plate2.FLC-P2-D4-CGGAGCCT-TCTTACGC_S40_R1_001,,,,
FLC_2N_Plate2.FLC-P2-G3-GCGTAGTA-TAAGGCTC_S75_R1_001,,,,
FLC_2N_Plate2.FLC-P2-G12-TCGACGTC-TAAGGCTC_S84_R1_001,,,,
FLC_2N_Plate2.FLC-P2-D2-GGAGCTAC-TCTTACGC_S38_R1_001,,,,
FLC_2N_Plate2.FLC-P2-C3-GCGTAGTA-ACTCTAGG_S27_R1_001,,,CCATGAACATATTTGTCAATTACTTA,1
FLC_2N_Plate2.FLC-P2-E6-ATGCGCAG-CTTAATAG_S54_R1_001,TTAGCAAAAAACAAAGGAGTTGTGCT,1,CCATGAACATATTTGTCAATTACTTA,1
FLC_2N_Plate2.FLC-P2-H8-ACTGAGCG-TCGCATAA_S92_R1_001,,,,
FLC_2N_Plate2.FLC-P2-A3-GCGTAGTA-CTAGTCGA_S3_R1_001,AATATAATGAGAAACTTGCTTGCATA,2,,
FLC_2N_Plate2.FLC-P2-A7-TAGCGCTC-CTAGTCGA_S7_R1_001,,,,
FLC_2N_Plate2.FLC-P2-H12-TCGACGTC-TCGCATAA_S96_R1_001,,,,
FLC_2N_Plate2.FLC-P2-A4-CGGAGCCT-CTAGTCGA_S4_R1_001,AACTCAACTAATAAATATATTGGGCC,2,,
FLC_2N_Plate2.FLC-P2-B9-CCTAAGAC-AGCTAGAA_S21_R1_001,,,,
FLC_2N_Plate2.FLC-P2-D8-ACTGAGCG-TCTTACGC_S44_R1_001,GAGTCAATTGTTAAGTTTATTCGTTA,1,CCATGAACATATTTGTCAATTACTTA,1
FLC_2N_Plate2.FLC-P2-F7-TAGCGCTC-ATAGCCTT_S67_R1_001,,,ATGGTAAAAGTGTTATCCATTGTGGA,1
FLC_2N_Plate2.FLC-P2-E12-TCGACGTC-CTTAATAG_S60_R1_001,TAAACAAAATAGAAATTTTTTTCCAA,1,,
FLC_2N_Plate2.FLC-P2-H5-TACGCTGC-TCGCATAA_S89_R1_001,,,,
FLC_2N_Plate2.FLC-P2-F6-ATGCGCAG-ATAGCCTT_S66_R1_001,,,CCATGAACATATTTGTCAATTACTTA,1
FLC_2N_Plate2.FLC-P2-G11-TGCAGCTA-TAAGGCTC_S83_R1_001,,,,
FLC_2N_Plate2.FLC-P2-E10-CGATCAGT-CTTAATAG_S58_R1_001,TACTCAATGCCGAATAAGCTTCCCGG,3,,
FLC_2N_Plate2.FLC-P2-C6-ATGCGCAG-ACTCTAGG_S30_R1_001,TCCGAAACACGGAACTCCATTCGCGC,1,,
FLC_2N_Plate2.FLC-P2-G7-TAGCGCTC-TAAGGCTC_S79_R1_001,,,,
FLC_2N_Plate2.FLC-P2-B3-GCGTAGTA-AGCTAGAA_S15_R1_001,,,,
FLC_2N_Plate2.FLC-P2-H9-CCTAAGAC-TCGCATAA_S93_R1_001,,,,
FLC_2N_Plate2.FLC-P2-H2-GGAGCTAC-TCGCATAA_S86_R1_001,,,,
FLC_2N_Plate2.FLC-P2-D11-TGCAGCTA-TCTTACGC_S47_R1_001,,,,
FLC_2N_Plate2.FLC-P2-A2-GGAGCTAC-CTAGTCGA_S2_R1_001,,,,
FLC_2N_Plate2.FLC-P2-F4-CGGAGCCT-ATAGCCTT_S64_R1_001,,,AGGTAAAACCACTTCCCAATTTGGGC,1
FLC_2N_Plate2.FLC-P2-E7-TAGCGCTC-CTTAATAG_S55_R1_001,,,,
FLC_2N_Plate2.FLC-P2-B6-ATGCGCAG-AGCTAGAA_S18_R1_001,,,,
FLC_2N_Plate2.FLC-P2-F9-CCTAAGAC-ATAGCCTT_S69_R1_001,AATAAAATTTGGAACCGTTTTGTAGG,1,,
FLC_2N_Plate2.FLC-P2-D7-TAGCGCTC-TCTTACGC_S43_R1_001,,,,
FLC_2N_Plate2.FLC-P2-D5-TACGCTGC-TCTTACGC_S41_R1_001,,,AGGTAAAACCACTTCCCAATTTGGGC,1
FLC_2N_Plate2.FLC-P2-B1-ACTCGCTA-AGCTAGAA_S13_R1_001,CGGTCAACAGGTAATCATGTTAAGTA,2,,
FLC_2N_Plate2.FLC-P2-G10-CGATCAGT-TAAGGCTC_S82_R1_001,,,,
FLC_2N_Plate2.FLC-P2-A8-ACTGAGCG-CTAGTCGA_S8_R1_001,TCAACAATCGGGAATACTTTTATCTC,1,,
FLC_2N_Plate2.FLC-P2-F3-GCGTAGTA-ATAGCCTT_S63_R1_001,CGACAAACCACCAACTGCATTTATTG,1,CCATGAACATATTTGTCAATTACTTA,1
FLC_2N_Plate2.FLC-P2-D6-ATGCGCAG-TCTTACGC_S42_R1_001,AAGCTAAAAAATAAAGGTTTTCGACT,1,CCATGAACATATTTGTCAATTACTTA,2
FLC_2N_Plate2.FLC-P2-A9-CCTAAGAC-CTAGTCGA_S9_R1_001,GTATGAATCCGAAATTGTTTTGATAT,1,,
FLC_2N_Plate2.FLC-P2-F12-TCGACGTC-ATAGCCTT_S72_R1_001,,,,
FLC_2N_Plate2.FLC-P2-D3-GCGTAGTA-TCTTACGC_S39_R1_001,,,CCATGAACATATTTGTCAATTACTTA,1
FLC_2N_Plate2.FLC-P2-B5-TACGCTGC-AGCTAGAA_S17_R1_001,AAGTTAATAATCAAGAACATTCTGCG,1,CCATGAACATATTTGTCAATTACTTA,1
FLC_2N_Plate2.FLC-P2-C8-ACTGAGCG-ACTCTAGG_S32_R1_001,,,,
FLC_2N_Plate2.FLC-P2-D9-CCTAAGAC-TCTTACGC_S45_R1_001,TTCACAATCAGTAAGTAGGTTAAATT,1,,
FLC_2N_Plate2.FLC-P2-D12-TCGACGTC-TCTTACGC_S48_R1_001,ACTAAAACATAGAACTAGATTTTTAT,1,,
FLC_2N_Plate2.FLC-P2-C9-CCTAAGAC-ACTCTAGG_S33_R1_001,GGACAAACTGTGAACTGCTTTGCGCT,1,,
FLC_2N_Plate2.FLC-P2-C4-CGGAGCCT-ACTCTAGG_S28_R1_001,TTGTTAAAAACGAAGAGGTTTCTCTG,1,CCATGAACATATTTGTCAATTACTTA,1
FLC_2N_Plate2.FLC-P2-C2-GGAGCTAC-ACTCTAGG_S26_R1_001,GTATTAACTCGGAATCCCCTTTGCAT,1,,
FLC_2N_Plate2.FLC-P2-C11-TGCAGCTA-ACTCTAGG_S35_R1_001,,,,
FLC_2N_Plate2.FLC-P2-B2-GGAGCTAC-AGCTAGAA_S14_R1_001,CATTAAACCGCTAATTGTGTTCAGTG,2,CCATGAACATATTTGTCAATTACTTA,2
FLC_2N_Plate2.FLC-P2-G9-CCTAAGAC-TAAGGCTC_S81_R1_001,,,,
FLC_2N_Plate2.FLC-P2-F5-TACGCTGC-ATAGCCTT_S65_R1_001,,,,
FLC_2N_Plate2.FLC-P2-B10-CGATCAGT-AGCTAGAA_S22_R1_001,,,,
FLC_2N_Plate2.FLC-P2-D1-ACTCGCTA-TCTTACGC_S37_R1_001,,,,
FLC_2N_Plate2.FLC-P2-G6-ATGCGCAG-TAAGGCTC_S78_R1_001,,,,
FLC_2N_Plate2.FLC-P2-A11-TGCAGCTA-CTAGTCGA_S11_R1_001,,,,
FLC_2N_Plate2.FLC-P2-C5-TACGCTGC-ACTCTAGG_S29_R1_001,,,,
FLC_2N_Plate2.FLC-P2-F11-TGCAGCTA-ATAGCCTT_S71_R1_001,GTAACAAGACTCAACAAGTTTCGGCA,1,CCATGAACATATTTGTCAATTACTTA,1
FLC_2N_Plate2.FLC-P2-G4-CGGAGCCT-TAAGGCTC_S76_R1_001,,,,
FLC_2N_Plate2.FLC-P2-H11-TGCAGCTA-TCGCATAA_S95_R1_001,,,,
FLC_2N_Plate2.FLC-P2-E5-TACGCTGC-CTTAATAG_S53_R1_001,AGCAAAATATGTAAACGATTTTTGGT,1,,
FLC_2N_Plate2.FLC-P2-C10-CGATCAGT-ACTCTAGG_S34_R1_001,ACCGTAAGACAAAAGTAAATTCTAAG,1,,
FLC_2N_Plate2.FLC-P2-B8-ACTGAGCG-AGCTAGAA_S20_R1_001,,,,
FLC_2N_Plate2.FLC-P2-A1-ACTCGCTA-CTAGTCGA_S1_R1_001,,,,
FLC_2N_Plate2.FLC-P2-B4-CGGAGCCT-AGCTAGAA_S16_R1_001,,,,
FLC_2N_Plate2.FLC-P2-B7-TAGCGCTC-AGCTAGAA_S19_R1_001,,,,
FLC_2N_Plate2.FLC-P2-H1-ACTCGCTA-TCGCATAA_S85_R1_001,,,,
FLC_2N_Plate2.FLC-P2-E4-CGGAGCCT-CTTAATAG_S52_R1_001,ACATAAACATTTAACAGTTTTTTATG,1,CCATGAACATATTTGTCAATTACTTA,1
FLC_2N_Plate2.FLC-P2-H6-ATGCGCAG-TCGCATAA_S90_R1_001,,,,
FLC_2N_Plate2.FLC-P2-B12-TCGACGTC-AGCTAGAA_S24_R1_001,,,CCATGAACATATTTGTCAATTACTTA,1
FLC_2N_Plate2.FLC-P2-F10-CGATCAGT-ATAGCCTT_S70_R1_001,TATCTAACGTTAAAATTTCTTGAAAA,3,,
FLC_2N_Plate2.FLC-P2-G2-GGAGCTAC-TAAGGCTC_S74_R1_001,,,,
FLC_2N_Plate2.FLC-P2-A5-TACGCTGC-CTAGTCGA_S5_R1_001,,,,
FLC_2N_Plate2.FLC-P2-G5-TACGCTGC-TAAGGCTC_S77_R1_001,,,,
FLC_2N_Plate2.FLC-P2-E9-CCTAAGAC-CTTAATAG_S57_R1_001,,,,
FLC_2N_Plate2.FLC-P2-A6-ATGCGCAG-CTAGTCGA_S6_R1_001,,,,
FLC_2N_Plate2.FLC-P2-A12-TCGACGTC-CTAGTCGA_S12_R1_001,GAATCAAGGATCAAGAGGTTTATGGA,1,,
FLC_2N_Plate2.FLC-P2-G8-ACTGAGCG-TAAGGCTC_S80_R1_001,,,,
FLC_2N_Plate2.FLC-P2-C1-ACTCGCTA-ACTCTAGG_S25_R1_001,,,,
FLC_2N_Plate2.FLC-P2-E1-ACTCGCTA-CTTAATAG_S49_R1_001,TTAACAAAACCGAACATTTTTTCACA,1,CCATGAACATATTTGTCAATTACTTA,4
FLC_2N_Plate2.FLC-P2-E3-GCGTAGTA-CTTAATAG_S51_R1_001,ATAGAAACAATTAAAGCCCTTAAACT,1,,
FLC_2N_Plate2.FLC-P2-G1-ACTCGCTA-TAAGGCTC_S73_R1_001,,,,
CLM_2N_Batch2.CLM-2N-R2-2-F3_S93.R1,,,,
CLM_2N_Batch2.CLM-2N-R1-2-B1_S25.R1,CTTAAAAATCGTAAGAATGTTACAAT,2,,
CLM_2N_Batch2.CLM-2N-R1-2-B6_S65.R2,ATACTAAAAACCAAGGTAATTTTTTC,2,,
CLM_2N_Batch2.CLM-2N-R1-2-A4_S48.R1,AGGGGAACGGGAAAGGGAGTTGAGAC,1,,
CLM_2N_Batch2.CLM-2N-R2-2-G3_S94.R1,,,TTTTGAACCTTATTTGGCCTTGGGAG,1
CLM_2N_Batch2.CLM-2N-R1-2-H2_S39.R2,,,TTTTGAACCTTATTTGGCCTTGGGAG,1
CLM_2N_Batch2.CLM-2N-R2-2-C2_S82.R1,AATACAAACATTAAAGGACTTTTATA,1,,
CLM_2N_Batch2.CLM-2N-R1-2-D5_S59.R2,,,TTATTAACTTCATTAGTAATTTGTTG,2
CLM_2N_Batch2.CLM-2N-R1-2-H3_S47.R2,,,,
CLM_2N_Batch2.CLM-2N-R1-2-A3_S40.R2,,,TTATTAACTTCATTAGTAATTTGTTG,1
CLM_2N_Batch2.CLM-2N-R2-2-B1_S73.R1,ACGTAAACCAAGAATTTATTTCCGAT,2,,
CLM_2N_Batch2.CLM-2N-R1-2-E3_S44.R1,ACGTAAACCAAGAATTTATTTCCGAT,2,TTATTAACTTCATTAGTAATTTGTTG,1
CLM_2N_Batch2.CLM-2N-R1-2-A6_S64.R2,,,,
CLM_2N_Batch2.CLM-2N-R1-2-H7_S61.R2,,,,
CLM_2N_Batch2.CLM-2N-R1-2-A2_S32.R2,,,,
CLM_2N_Batch2.CLM-2N-R1-2-E1_S28.R2,,,,
CLM_2N_Batch2.CLM-2N-R1-2-F1_S29.R2,CTAATAACCACAAAACAGCTTATATA,1,,
CLM_2N_Batch2.CLM-2N-R1-2-D4_S51.R2,,,TTTTGAACCTTATTTGGCCTTGGGAG,1
CLM_2N_Batch2.CLM-2N-R1-2-G1_S30.R1,,,,
CLM_2N_Batch2.CLM-2N-R1-2-A1_S24.R2,GGCCGAATGTGCAAAAGCGTTGGCCA,1,,
CLM_2N_Batch2.CLM-2N-R1-2-G4_S54.R2,GGTATAAATTATAAATGAGTTTATTG,1,,
CLM_2N_Batch2.CLM-2N-R1-2-G5_S62.R2,,,,
CLM_2N_Batch2.CLM-2N-R2-2-D7_S95.R1,,,,
CLM_2N_Batch2.CLM-2N-R2-2-H1_S79.R1,,,,
CLM_2N_Batch2.CLM-2N-R1-2-F2_S37.R1,,,,
CLM_2N_Batch2.CLM-2N-R2-2-A2_S80.R1,,,,
CLM_2N_Batch2.CLM-2N-R1-2-H4_S55.R2,,,,
CLM_2N_Batch2.CLM-2N-R2-2-G1_S78.R1,AATACAAACATTAAAGGACTTTTATA,2,,
CLM_2N_Batch2.CLM-2N-R1-2-G6_S70.R1,AATACAAACATTAAAGGACTTTTATA,3,ATTTCAAGATTCTTTACGGTTGGGGG,1
CLM_2N_Batch2.CLM-2N-R1-2-F4_S53.R1,CAGCCAACGGGCAAGAGTTTTAGTCG,1,TTATTAACTTCATTAGTAATTTGTTG,1
CLM_2N_Batch2.CLM-2N-R1-2-D5_S59.R1,,,TTATTAACTTCATTAGTAATTTGTTG,2
CLM_2N_Batch2.CLM-2N-R1-2-A6_S64.R1,,,,
CLM_2N_Batch2.CLM-2N-R1-2-G7_S43.R1,,,,
CLM_2N_Batch2.CLM-2N-R1-2-E1_S28.R1,ATTGCAAGATTGAAGTAAATTTCCCG,2,,
CLM_2N_Batch2.CLM-2N-R2-2-G2_S86.R1,GGTATAAATTATAAATGAGTTTATTG,1,,
CLM_2N_Batch2.CLM-2N-R1-2-B8_S66.R2,,,ATTTCAAGATTCTTTACGGTTGGGGG,1
CLM_2N_Batch2.CLM-2N-R1-2-G3_S46.R1,,,ATTTCAAGATTCTTTACGGTTGGGGG,1
CLM_2N_Batch2.CLM-2N-R1-2-E2_S36.R1,AATACAAACATTAAAGGACTTTTATA,1,,
CLM_2N_Batch2.CLM-2N-R1-2-D6_S67.R1,ACGTAAATATTAAATCTGGTTGTGAG,3,,
CLM_2N_Batch2.CLM-2N-R1-2-C2_S34.R2,ACGTAAACCAAGAATTTATTTCCGAT,1,,
CLM_2N_Batch2.CLM-2N-R1-2-E4_S52.R2,,,,
CLM_2N_Batch2.CLM-2N-R1-2-B3_S41.R1,CCGAGAACACCGAAGAAAGTTGCACA,1,TTATTAACTTCATTAGTAATTTGTTG,1
CLM_2N_Batch2.CLM-2N-R1-2-H1_S31.R1,GGGTAAAGGGTTAAGCGATTTGCGAG,2,,
CLM_2N_Batch2.CLM-2N-R2-2-D2_S83.R1,CTCAAAATTGAGAATACCGTTAAGCT,2,,
CLM_2N_Batch2.CLM-2N-R2-2-D1_S75.R1,,,TTATTAACTTCATTAGTAATTTGTTG,1
CLM_2N_Batch2.CLM-2N-R1-2-A5_S56.R1,ACGTAAACCAAGAATTTATTTCCGAT,3,TTATTAACTTCATTAGTAATTTGTTG,3
CLM_2N_Batch2.CLM-2N-R1-2-F1_S29.R1,CTAATAACCACAAAACAGCTTATATA,2,,
CLM_2N_Batch2.CLM-2N-R1-2-H6_S71.R2,,,,
CLM_2N_Batch2.CLM-2N-R1-2-H3_S47.R1,,,,
CLM_2N_Batch2.CLM-2N-R1-2-C4_S50.R1,GAAAAAAGATCGAAATACATTCACAT,1,GTTTAAAACGGTTTTCTTTTTAGTTG,1
CLM_2N_Batch2.CLM-2N-R1-2-E5_S60.R2,AATACAAACATTAAAGGACTTTTATA,1,,
CLM_2N_Batch2.CLM-2N-R2-2-E3_S92.R1,CTCTAAAAGGACAAGTTCTTTTGTGG,3,TTATTAACTTCATTAGTAATTTGTTG,1
CLM_2N_Batch2.CLM-2N-R1-2-C1_S26.R2,,,,
CLM_2N_Batch2.CLM-2N-R1-2-B2_S33.R1,CGTGCAATCGTCAAGTTTGTTTGGAC,4,,
CLM_2N_Batch2.CLM-2N-R2-2-E1_S76.R1,GGAGAAACAGAAAACAGTTTTCTCGA,1,,
CLM_2N_Batch2.CLM-2N-R2-2-E2_S84.R1,,,,
CLM_2N_Batch2.CLM-2N-R1-2-F6_S69.R2,AGGGGAACGGGAAAGGGAGTTGAGAC,1,,
CLM_2N_Batch2.CLM-2N-R1-2-C1_S26.R1,,,,
CLM_2N_Batch2.CLM-2N-R1-2-A8_S63.R2,ACGTAAACCAAGAATTTATTTCCGAT,2,,
CLM_2N_Batch2.CLM-2N-R2-2-B7_S72.R1,TAAGGAAGTACAAATTAACTTGATTG,1,,
CLM_2N_Batch2.CLM-2N-R1-2-G4_S54.R1,GGTATAAATTATAAATGAGTTTATTG,1,,
CLM_2N_Batch2.CLM-2N-R1-2-A5_S56.R2,ACGTAAACCAAGAATTTATTTCCGAT,2,,
CLM_2N_Batch2.CLM-2N-R1-2-A2_S32.R1,,,CATTTAATAGTGTTTGCGTTTAATCT,1
CLM_2N_Batch2.CLM-2N-R1-2-E2_S36.R2,AATACAAACATTAAAGGACTTTTATA,1,,
CLM_2N_Batch2.CLM-2N-R1-2-G6_S70.R2,,,,
CLM_2N_Batch2.CLM-2N-R1-2-D4_S51.R1,,,TTTTGAACCTTATTTGGCCTTGGGAG,1
CLM_2N_Batch2.CLM-2N-R1-2-D6_S67.R2,ACGTAAATATTAAATCTGGTTGTGAG,2,,
CLM_2N_Batch2.CLM-2N-R1-2-E4_S52.R1,ACGTAAACCAAGAATTTATTTCCGAT,1,TTATTAACTTCATTAGTAATTTGTTG,1
CLM_2N_Batch2.CLM-2N-R1-2-C4_S50.R2,,,GTTTAAAACGGTTTTCTTTTTAGTTG,1
CLM_2N_Batch2.CLM-2N-R2-2-B3_S89.R1,CTCTAAAAGGACAAGTTCTTTTGTGG,1,,
CLM_2N_Batch2.CLM-2N-R2-2-F2_S85.R1,ACGTAAACCAAGAATTTATTTCCGAT,3,TTATTAACTTCATTAGTAATTTGTTG,2
CLM_2N_Batch2.CLM-2N-R1-2-C7_S35.R1,,,TTTTGAACCTTATTTGGCCTTGGGAG,1
CLM_2N_Batch2.CLM-2N-R1-2-E3_S44.R2,ACGTAAACCAAGAATTTATTTCCGAT,1,TTATTAACTTCATTAGTAATTTGTTG,1
CLM_2N_Batch2.CLM-2N-R2-2-C3_S90.R1,,,ATTTCAAGATTCTTTACGGTTGGGGG,1
CLM_2N_Batch2.CLM-2N-R1-2-C5_S58.R1,GTGGGAAGTGATAATGGAGTTAAGTC,2,,
CLM_2N_Batch2.CLM-2N-R1-2-B3_S41.R2,CCGAGAACACCGAAGAAAGTTGCACA,1,,
CLM_2N_Batch2.CLM-2N-R2-2-H2_S87.R1,CGGGGAAATCTGAACCCATTTCATTA,1,,
CLM_2N_Batch2.CLM-2N-R1-2-E7_S42.R2,,,,
CLM_2N_Batch2.CLM-2N-R1-2-G7_S43.R2,,,,
CLM_2N_Batch2.CLM-2N-R1-2-A8_S63.R1,ACGTAAACCAAGAATTTATTTCCGAT,2,,
CLM_2N_Batch2.CLM-2N-R1-2-B4_S49.R2,,,,
CLM_2N_Batch2.CLM-2N-R1-2-B8_S66.R1,,,ATTTCAAGATTCTTTACGGTTGGGGG,2
CLM_2N_Batch2.CLM-2N-R1-2-A3_S40.R1,,,TTATTAACTTCATTAGTAATTTGTTG,1
CLM_2N_Batch2.CLM-2N-R1-2-G1_S30.R2,,,,
CLM_2N_Batch2.CLM-2N-R2-2-F1_S77.R1,CTGTAAACACATAAATTGCTTTCGAC,3,,
CLM_2N_Batch2.CLM-2N-R1-2-B7_S27.R2,ACGTAAACCAAGAATTTATTTCCGAT,1,,
CLM_2N_Batch2.CLM-2N-R1-2-F3_S45.R2,,,,
CLM_2N_Batch2.CLM-2N-R1-2-G5_S62.R1,,,,
CLM_2N_Batch2.CLM-2N-R1-2-F6_S69.R1,AGGGGAACGGGAAAGGGAGTTGAGAC,4,,
CLM_2N_Batch2.CLM-2N-R1-2-E6_S68.R1,AGGCAAACAGATAATAGTCTTCGCAA,2,ATTTCAAGATTCTTTACGGTTGGGGG,1
CLM_2N_Batch2.CLM-2N-R1-2-F3_S45.R1,GAAGTAAAGATAAATGTCCTTTGTAT,2,,
CLM_2N_Batch2.CLM-2N-R1-2-B1_S25.R2,CTTAAAAATCGTAAGAATGTTACAAT,2,,
CLM_2N_Batch2.CLM-2N-R1-2-C5_S58.R2,GTGGGAAGTGATAATGGAGTTAAGTC,2,,
CLM_2N_Batch2.CLM-2N-R1-2-H6_S71.R1,GGTATAAATTATAAATGAGTTTATTG,1,,
CLM_2N_Batch2.CLM-2N-R2-2-A3_S88.R1,AATACAAACATTAAAGGACTTTTATA,2,,
CLM_2N_Batch2.CLM-2N-R1-2-A1_S24.R1,GGCCGAATGTGCAAAAGCGTTGGCCA;TAATAAAGGGCAAATAGATTTGTTCT,1;1,TCCTAAACGGAATTTTTTCTTCACCT,1
CLM_2N_Batch2.CLM-2N-R1-2-C7_S35.R2,,,TTTTGAACCTTATTTGGCCTTGGGAG,1
CLM_2N_Batch2.CLM-2N-R2-2-C7_S81.R1,,,,
CLM_2N_Batch2.CLM-2N-R1-2-B5_S57.R1,TACAAAACATTAAAATCTTTTACATT,1,GGGACAAGTGGGTTGGAGGTTGGGGG,2
CLM_2N_Batch2.CLM-2N-R1-2-G3_S46.R2,,,,
CLM_2N_Batch2.CLM-2N-R1-2-D7_S38.R2,AATACAAACATTAAAGGACTTTTATA,1,ATTTCAAGATTCTTTACGGTTGGGGG,1
CLM_2N_Batch2.CLM-2N-R1-2-H1_S31.R2,GGGTAAAGGGTTAAGCGATTTGCGAG,2,,
CLM_2N_Batch2.CLM-2N-R1-2-D7_S38.R1,AATACAAACATTAAAGGACTTTTATA,2,ATTTCAAGATTCTTTACGGTTGGGGG,1
CLM_2N_Batch2.CLM-2N-R1-2-E5_S60.R1,AATACAAACATTAAAGGACTTTTATA,2,,
CLM_2N_Batch2.CLM-2N-R1-2-H7_S61.R1,CCGGCAACCGTGAAATGACTTATAGC,1,,
CLM_2N_Batch2.CLM-2N-R1-2-E7_S42.R1,,,,
CLM_2N_Batch2.CLM-2N-R1-2-F2_S37.R2,,,,
CLM_2N_Batch2.CLM-2N-R2-2-C1_S74.R1,TACCTAATAAGAAAAGTCGTTCTTGT,2,,
CLM_2N_Batch2.CLM-2N-R1-2-B5_S57.R2,,,,
CLM_2N_Batch2.CLM-2N-R1-2-C2_S34.R1,ACGTAAACCAAGAATTTATTTCCGAT,2,,
CLM_2N_Batch2.CLM-2N-R1-2-B2_S33.R2,CGTGCAATCGTCAAGTTTGTTTGGAC,1,,
CLM_2N_Batch2.CLM-2N-R1-2-B6_S65.R1,ATACTAAAAACCAAGGTAATTTTTTC,2,,
CLM_2N_Batch2.CLM-2N-R1-2-H4_S55.R1,,,TTATTAACTTCATTAGTAATTTGTTG,2
CLM_2N_Batch2.CLM-2N-R1-2-B4_S49.R1,,,,
CLM_2N_Batch2.CLM-2N-R1-2-E6_S68.R2,AGGCAAACAGATAATAGTCTTCGCAA,1,ATTTCAAGATTCTTTACGGTTGGGGG,1
CLM_2N_Batch2.CLM-2N-R1-2-F4_S53.R2,CAGCCAACGGGCAAGAGTTTTAGTCG,1,,
CLM_2N_Batch2.CLM-2N-R2-2-D3_S91.R1,CTGTCAATTGTTAACCTGTTTTATGG,2,ATTTCAAGATTCTTTACGGTTGGGGG,1
CLM_2N_Batch2.CLM-2N-R1-2-B7_S27.R1,ACGTAAACCAAGAATTTATTTCCGAT,1,,
CLM_2N_Batch2.CLM-2N-R1-2-H2_S39.R1,,,TTTTGAACCTTATTTGGCCTTGGGAG,1
CLM_2N_Batch2.CLM-2N-R1-2-A4_S48.R2,AGGGGAACGGGAAAGGGAGTTGAGAC,1,,
FLC_2N_Plate3.FLC-P3-A12-ATCTCAGG-ATAGAGAG_S6_R1_001,GAGCTAACCATTAAGTAGGTTGCTAA,3,,
FLC_2N_Plate3.FLC-P3-F12-ATCTCAGG-AGGCTTAG_S36_R1_001,,,CCATGAACATATTTGTCAATTACTTA,4
FLC_2N_Plate3.FLC-P3-E10-GTAGAGGA-TACTCCTT_S28_R1_001,TTGCTAATAACGAAGTGGTTTTTTGG,1,CCATGAACATATTTGTCAATTACTTA,3
FLC_2N_Plate3.FLC-P3-F1-TAAGGCGA-AGGCTTAG_S31_R1_001,TAGGAAAGTTTTAATCTGCTTGAACA,4,,
FLC_2N_Plate3.FLC-P3-C11-GCTCATGA-CTCCTTAC_S17_R1_001,ATGACAATTCAAAAAGAGATTAGTAG,3,CCATGAACATATTTGTCAATTACTTA,1
FLC_2N_Plate3.FLC-P3-B3-AGGCAGAA-AGAGGATA_S9_R1_001,,,CCATGAACATATTTGTCAATTACTTA,1
FLC_2N_Plate3.FLC-P3-F8-CGAGGCTG-AGGCTTAG_S32_R1_001,AAGTGAACTGATAATGGGATTTGGCG,1,,
FLC_2N_Plate3.FLC-P3-A8-CGAGGCTG-ATAGAGAG_S2_R1_001,GAAACAACCGGGAACTAGGTTCTCTT,3,CCATGAACATATTTGTCAATTACTTA,1
FLC_2N_Plate3.FLC-P3-C12-ATCTCAGG-CTCCTTAC_S18_R1_001,CAACCAACCCGTAAATGCATTTTGCG,3,CCATGAACATATTTGTCAATTACTTA,1
FLC_2N_Plate3.FLC-P3-G5-GGACTCCT-ATTAGACG_S41_R1_001,CTTACAATTGATAAAGAGTTTGTGGT,2,,
FLC_2N_Plate3.FLC-P3-G3-AGGCAGAA-ATTAGACG_S39_R1_001,,,CCATGAACATATTTGTCAATTACTTA,1
FLC_2N_Plate3.FLC-P3-B9-AAGAGGCA-AGAGGATA_S9_R1_001,,,,
FLC_2N_Plate3.FLC-P3-F9-AAGAGGCA-AGGCTTAG_S33_R1_001,TCTTCAAGCAGAAACGATCTTCCGTA,2,ATGGTAAAAGTGTTATCCATTGTGGA,3
FLC_2N_Plate3.FLC-P3-G9-AAGAGGCA-ATTAGACG_S39_R1_001,CTGGCAAGCAGGAATCAGGTTAGATG,2,CCATGAACATATTTGTCAATTACTTA,2
FLC_2N_Plate3.FLC-P3-D5-GGACTCCT-TATGCAGT_S23_R1_001,,,,
FLC_2N_Plate3.FLC-P3-C2-CGTACTAG-CTCCTTAC_S14_R1_001,AATAAAACTTAAAAACTGGTTCGCGC,1,,
FLC_2N_Plate3.FLC-P3-C3-AGGCAGAA-CTCCTTAC_S15_R1_001,,,CCATGAACATATTTGTCAATTACTTA,1
FLC_2N_Plate3.FLC-P3-B8-CGAGGCTG-AGAGGATA_S8_R1_001,GCGGAAATTAGCAAGGGGGTTGGGGG,1,,
FLC_2N_Plate3.FLC-P3-G11-GCTCATGA-ATTAGACG_S41_R1_001,TCTCGAAAATATAAATGACTTCATGT,1,,
FLC_2N_Plate3.FLC-P3-A7-CTCTCTAC-CTCTCTAT_S1_R1_001,,,,
FLC_2N_Plate3.FLC-P3-D12-ATCTCAGG-TATGCAGT_S24_R1_001,ATTTAAATTTGCAAACGCCTTGTTTA;TATTTAATACCTAATAGTTTTCATTT,1;2,,
FLC_2N_Plate3.FLC-P3-B4-TCCTGAGC-AGAGGATA_S10_R1_001,CGGGCAAGGGTAAAACGGGTTGGGGG,1,ATGGTAAAAGTGTTATCCATTGTGGA,3
FLC_2N_Plate3.FLC-P3-G4-TCCTGAGC-ATTAGACG_S40_R1_001,CTTCTAACATCAAAGCAAGTTAAAGT,4,CCATGAACATATTTGTCAATTACTTA,3
FLC_2N_Plate3.FLC-P3-D11-GCTCATGA-TATGCAGT_S23_R1_001,CATATAACTGCAAATACTGTTGTCAC,2,,
FLC_2N_Plate3.FLC-P3-F10-GTAGAGGA-AGGCTTAG_S34_R1_001,CTAATAAAGTTTAATGGAATTAGATT,1,,
FLC_2N_Plate3.FLC-P3-C5-GGACTCCT-CTCCTTAC_S17_R1_001,,,,
FLC_2N_Plate3.FLC-P3-D6-TAGGCATG-TATGCAGT_S24_R1_001,,,CCATGAACATATTTGTCAATTACTTA,1
FLC_2N_Plate3.FLC-P3-E11-GCTCATGA-TACTCCTT_S29_R1_001,CCATAAACGGCAAATGGTTTTTATTG,3,GGGGCAACGCGGTTCCGGGTTGCTGG,3
FLC_2N_Plate3.FLC-P3-F5-GGACTCCT-AGGCTTAG_S35_R1_001,TAGTTAATACACAAAGGAATTGTCAC,6,,
FLC_2N_Plate3.FLC-P3-D10-GTAGAGGA-TATGCAGT_S22_R1_001,,,,
FLC_2N_Plate3.FLC-P3-B2-CGTACTAG-AGAGGATA_S8_R1_001,TTCAAAAAGGTTAAGACCATTGTGCT,1,,
FLC_2N_Plate3.FLC-P3-D2-CGTACTAG-TATGCAGT_S20_R1_001,,,,
FLC_2N_Plate3.FLC-P3-F11-GCTCATGA-AGGCTTAG_S35_R1_001,,,,
FLC_2N_Plate3.FLC-P3-D1-TAAGGCGA-TATGCAGT_S19_R1_001,CGTTTAACTGTCAATCGTTTTCAGAA,2,,
FLC_2N_Plate3.FLC-P3-A3-AGGCAGAA-ATAGAGAG_S3_R1_001,,,,
FLC_2N_Plate3.FLC-P3-D4-TCCTGAGC-TATGCAGT_S22_R1_001,GTCGCAAAATTAAACGTTTTTTCTGT,3,CCATGAACATATTTGTCAATTACTTA,2
FLC_2N_Plate3.FLC-P3-G8-CGAGGCTG-ATTAGACG_S38_R1_001,,,,
FLC_2N_Plate3.FLC-P3-F3-AGGCAGAA-AGGCTTAG_S33_R1_001,GAGTAAATATAAAAGGGAATTTTTTT,1,CCATGAACATATTTGTCAATTACTTA,2
FLC_2N_Plate3.FLC-P3-G1-TAAGGCGA-ATTAGACG_S37_R1_001,GCGTTAAAATTAAAAGGTTTTATAGG,6,CCATGAACATATTTGTCAATTACTTA,2
FLC_2N_Plate3.FLC-P3-D3-AGGCAGAA-TATGCAGT_S21_R1_001,CGGGTAAGGTTAAAAGTGTTACATT,1,ATGGTAAAAGTGTTATCCATTGTGGA,3
FLC_2N_Plate3.FLC-P3-G12-ATCTCAGG-ATTAGACG_S42_R1_001,ACATAAAAATATAAGGCGCTTTCAAT,2,CCATGAACATATTTGTCAATTACTTA,2
FLC_2N_Plate3.FLC-P3-B11-GCTCATGA-AGAGGATA_S11_R1_001,ACCACAATTTAAAAGATAATTGGATC,3,CCATGAACATATTTGTCAATTACTTA,2
FLC_2N_Plate3.FLC-P3-A2-CGTACTAG-ATAGAGAG_S2_R1_001,TCCCGAAGAGCGAAACATATTCCGAT,1,,
FLC_2N_Plate3.FLC-P3-B7-CTCTCTAC-AGAGGATA_S7_R1_001,TATTGAAGACAAAAGATGATTCATAA,4,,
FLC_2N_Plate3.FLC-P3-E8-CGAGGCTG-TACTCCTT_S26_R1_001,AAATAAAATTAAAACAGAGTTTGGTC,3,,
FLC_2N_Plate3.FLC-P3-B10-GTAGAGGA-AGAGGATA_S10_R1_001,GTCCGAACGCGAAATTTGATTGTTTA,1,,
FLC_2N_Plate3.FLC-P3-E12-ATCTCAGG-TACTCCTT_S30_R1_001,ATGCTAATTGATAACTGTCTTTTTTA,4,,
FLC_2N_Plate3.FLC-P3-A5-GGACTCCT-ATAGAGAG_S5_R1_001,CAACCAATCCGTAACCACCTTTATAG,1,CCATGAACATATTTGTCAATTACTTA,2
FLC_2N_Plate3.FLC-P3-E3-AGGCAGAA-TACTCCTT_S27_R1_001,TCATTAATCCAGAACGAGTTTGATGC,2,,
FLC_2N_Plate3.FLC-P3-A4-TCCTGAGC-ATAGAGAG_S4_R1_001,CTCTTAATTCCTAAACCAGTTCATGA,2,,
FLC_2N_Plate3.FLC-P3-G2-CGTACTAG-ATTAGACG_S38_R1_001,TTGTTAATGTGAAAGGGGGTTCGGCG,2,CCATGAACATATTTGTCAATTACTTA,1
FLC_2N_Plate3.FLC-P3-A1-TAAGGCGA-ATAGAGAG_S1_R1_001,AAGACAACATATAAATATTTTTGCAT,1,,
FLC_2N_Plate3.FLC-P3-F4-TCCTGAGC-AGGCTTAG_S34_R1_001,CATATAATGGATAACCGATTTACAAG,4,AGGTAAAACCACTTCCCAATTTGGGC,1
FLC_2N_Plate3.FLC-P3-B1-TAAGGCGA-AGAGGATA_S7_R1_001,GGGATAATGGGTAACGGTCTTCTTGA,1,,
FLC_2N_Plate3.FLC-P3-E6-TAGGCATG-TACTCCTT_S30_R1_001,CAGTGAAGAGGGAATACCCTTGGTAA,4,CCATGAACATATTTGTCAATTACTTA,1
FLC_2N_Plate3.FLC-P3-C8-CGAGGCTG-CTCCTTAC_S14_R1_001,TATATAAAGTCGAACTATGTTTGGCA,2,,
FLC_2N_Plate3.FLC-P3-C6-TAGGCATG-CTCCTTAC_S18_R1_001,GGCGAAAACCCGAAAGCGTTTCGATC,3,CCATGAACATATTTGTCAATTACTTA,1
FLC_2N_Plate3.FLC-P3-E2-CGTACTAG-TACTCCTT_S26_R1_001,ACACGAAGCGACAAACAGCTTGTCTC,2,CCATGAACATATTTGTCAATTACTTA,1
FLC_2N_Plate3.FLC-P3-E4-TCCTGAGC-TACTCCTT_S28_R1_001,,,,
FLC_2N_Plate3.FLC-P3-C7-CTCTCTAC-CTCCTTAC_S13_R1_001,AGGGCAATTGGAAATGTGGTTGGGCG,3,CCATGAACATATTTGTCAATTACTTA,2
FLC_2N_Plate3.FLC-P3-A7-CTCTCTAC-ATAGAGAG_S1_R1_001,ATGATAATACTAAATTGTTTTTGATA,4,,
FLC_2N_Plate3.FLC-P3-E1-TAAGGCGA-TACTCCTT_S25_R1_001,GATCAAACCTAAAACTACCTTAGTTG,3,CCATGAACATATTTGTCAATTACTTA,5
FLC_2N_Plate3.FLC-P3-B5-GGACTCCT-AGAGGATA_S11_R1_001,TTGTGAAAGAGTAAAGGGTTTACAGT,3,,
FLC_2N_Plate3.FLC-P3-A9-AAGAGGCA-ATAGAGAG_S3_R1_001,CCCGCAAGGGAGAAAAGAGTTGTGGG,5,CCATGAACATATTTGTCAATTACTTA,1
FLC_2N_Plate3.FLC-P3-D8-CGAGGCTG-TATGCAGT_S20_R1_001,TACAAAATTAATAATTGGCTTTCTTT,3,,
FLC_2N_Plate3.FLC-P3-B6-TAGGCATG-AGAGGATA_S12_R1_001,,,,
FLC_2N_Plate3.FLC-P3-A10-GTAGAGGA-ATAGAGAG_S4_R1_001,GACCCAAACTCCAAGCATGTTTCAAG,1,CCATGAACATATTTGTCAATTACTTA,1
FLC_2N_Plate3.FLC-P3-E5-GGACTCCT-TACTCCTT_S29_R1_001,TATCTAAGTTTCAAGAGAATTGACAT,2,CCATGAACATATTTGTCAATTACTTA,2
FLC_2N_Plate3.FLC-P3-A11-GCTCATGA-ATAGAGAG_S5_R1_001,ATGCTAATAATTAAAAGGTTTCTGGC,3,,
FLC_2N_Plate3.FLC-P3-F7-CTCTCTAC-AGGCTTAG_S31_R1_001,AGGAAAAAATGTAAGCAACTTTTGGT,3,,
FLC_2N_Plate3.FLC-P3-B12-ATCTCAGG-AGAGGATA_S12_R1_001,,,AGGTAAAACCACTTCCCAATTTGGGC,3
FLC_2N_Plate3.FLC-P3-D9-AAGAGGCA-TATGCAGT_S21_R1_001,ATAGGAATCGGCAATAGTGTTGAAGG,2,,
FLC_2N_Plate3.FLC-P3-G10-GTAGAGGA-ATTAGACG_S40_R1_001,TAGGCAAATCGCAAGACCGTTTTAGG,2,,
FLC_2N_Plate3.FLC-P3-G6-TAGGCATG-ATTAGACG_S42_R1_001,CAACGTAATCGAAAATAACTTTTAGAG,4,CCATGAACATATTTGTCAATTACTTA,1
FLC_2N_Plate3.FLC-P3-F6-TAGGCATG-AGGCTTAG_S36_R1_001,TGATCAAGGCGGAATGATATTTACGT,2,CCATGAACATATTTGTCAATTACTTA,1
FLC_2N_Plate3.FLC-P3-D7-CTCTCTAC-TATGCAGT_S19_R1_001,ACGCGAATGCGTAAAGATTTTTGTGG,4,CCATGAACATATTTGTCAATTACTTA,2
FLC_2N_Plate3.FLC-P3-F2-CGTACTAG-AGGCTTAG_S32_R1_001,AAACCAATGATAAATTTTGTTGAAAT,1,,
FLC_2N_Plate3.FLC-P3-C10-GTAGAGGA-CTCCTTAC_S16_R1_001,,,,
FLC_2N_Plate3.FLC-P3-C1-TAAGGCGA-CTCCTTAC_S13_R1_001,CCGATAATAAATAAGCTAATTTGCAG,2,,
FLC_2N_Plate3.FLC-P3-E9-AAGAGGCA-TACTCCTT_S27_R1_001,TTGCTAATAACGAAGTGGTTTTTTGG,1,CCATGAACATATTTGTCAATTACTTA,2
FLC_2N_Plate3.FLC-P3-G7-CTCTCTAC-ATTAGACG_S37_R1_001,TGACGAACATCAAACGAGATTTGGAC,2,CCATGAACATATTTGTCAATTACTTA,1
FLC_2N_Plate3.FLC-P3-C4-TCCTGAGC-CTCCTTAC_S16_R1_001,AACTAAAAACGCAATTTTTTTACTTC,1,CCATGAACATATTTGTCAATTACTTA,1
FLC_2N_Plate3.FLC-P3-C9-AAGAGGCA-CTCCTTAC_S15_R1_001,TCATTAATCTTCAAGTCTCTTAACAT,3,,
FLC_2N_Plate3.FLC-P3-A6-TAGGCATG-ATAGAGAG_S6_R1_001,,,,
FLC_2N_Plate3.FLC-P3-E7-CTCTCTAC-TACTCCTT_S25_R1_001,TTAGTAATCAAAAAGTCAATTTTTCG,2,CCATGAACATATTTGTCAATTACTTA,1
CLM_2N.CLM-D-1-E9_S56.R1,,,TGGCAAATATAATTTTTAGTTCGTAC;TTTTGAACCTTATTTGGCCTTGGGAG,1;1
CLM_2N.CLM-C-1-A2_S28.R1,,,,
CLM_2N.CLM-D-1-A10_S58.R1,,,,
CLM_2N.CLM-D-1-A6_S40.R1,,,,
CLM_2N.CLM-D-1-C10_S60.R1,AGGGGAACGGGAAAGGGAGTTGAGAC,1,,
CLM_2N.CLM-D-1-E10_S62.R1,CTGTAAACACATAAATTGCTTTCGAC,2,,
CLM_2N.CLM-D-1-G6_S45.R1,,,,
CLM_2N.CLM-D-1-H6_S46.R1,TGCGGAACGGCAAAAAAATTTGGTGT,2,,
CLM_2N.CLM-D-1-D9_S55.R1,ACGTAAACCAAGAATTTATTTCCGAT,2,,
CLM_2N.CLM-D-1-A8_S47.R1,ACGTAAACCAAGAATTTATTTCCGAT,1,,
CLM_2N.CLM-D-1-B6_S41.R1,,,,
CLM_2N.CLM-D-1-A1_S30.R1,CTGTAAACACATAAATTGCTTTCGAC,2,TTATTAACTTCATTAGTAATTTGTTG,1
CLM_2N.CLM-D-1-D1_S33.R1,,,,
CLM_2N.CLM-C-1-B1_S26.R1,AATACAAACATTAAAGGACTTTTATA,1,,
CLM_2N.CLM-D-1-F4_S39.R1,,,,
CLM_2N.CLM-D-1-H10_S65.R1,AGGGGAACGGGAAAGGGAGTTGAGAC,1,,
CLM_2N.CLM-D-1-F10_S63.R1,ACGTAAACCAAGAATTTATTTCCGAT,1,,
CLM_2N.CLM-D-1-E1_S34.R1,,,,
CLM_2N.CLM-D-1-E6_S43.R1,,,,
CLM_2N.CLM-D-1-A9_S52.R1,,,,
CLM_2N.CLM-D-1-B9_S53.R1,,,TTATTAACTTCATTAGTAATTTGTTG,1
CLM_2N.CLM-D-1-D10_S61.R1,,,,
CLM_2N.CLM-D-1-D8_S50.R1,,,TTATTAACTTCATTAGTAATTTGTTG,1
CLM_2N.CLM-D-1-F1_S35.R1,TAAAGAATCGTTAAGCATATTTTAAA,1,,
CLM_2N.CLM-D-1-B4_S38.R1,,,TTTTGAACCTTATTTGGCCTTGGGAG,1
CLM_2N.CLM-C-1-D1_S27.R1,,,,
CLM_2N.CLM-C-1-G7_S29.R1,,,,
CLM_2N.CLM-D-1-B10_S59.R1,,,,
CLM_2N.CLM-D-1-G9_S57.R1,ACGTAAACCAAGAATTTATTTCCGAT,1,TTATTAACTTCATTAGTAATTTGTTG,1
CLM_2N.CLM-D-1-G1_S36.R1,,,,
CLM_2N.CLM-D-1-B1_S31.R1,AGGGGAACGGGAAAGGGAGTTGAGAC,1,TTATTAACTTCATTAGTAATTTGTTG,1
CLM_2N.CLM-D-1-C9_S54.R1,,,,
CLM_2N.CLM-D-1-A4_S37.R1,GGTATAAATTATAAATGAGTTTATTG,1,,
CLM_2N.CLM-D-1-C8_S49.R1,,,,
CLM_2N.CLM-D-1-C6_S42.R1,ACGTAAACCAAGAATTTATTTCCGAT,2,,
CLM_2N.CLM-D-1-C1_S32.R1,,,GCACGAATTCGTTTGTTCCTTTCGTT;ACGTTAACATTCTTTACTCTTTGGCA;ATGGTAAAAGTGTTATCCATTGTGGA,1;1;1
CLM_2N.CLM-D-1-H8_S51.R1,,,,
CLM_2N.CLM-D-1-B8_S48.R1,,,GGGTGAAACGAGTTGATTGTTACGGC;TAGATAATAGGGTTTGTCCTTATTTT,1;1
CLM_2N.CLM-D-1-F6_S44.R1,TTGCTAACTCTGAAGACACTTCTTGG,2,TTTTGAACCTTATTTGGCCTTGGGAG,1
CLM_2N.CLM-D-1-G10_S64.R1,TGATAAATGGCAAAGGCAGTTGCGAA,1,,
GlyEtOH_1N.GE_1_E04_GGACTCCT-TATAGACG.R1,,,,
GlyEtOH_1N.GE_2_A02_all.R1,,,,
GlyEtOH_1N.GE_1_F06_TAGGCATG-GCATCGTT.R1,CGGTAAACAGTGAATCATGTTTCTTA,1,,
GlyEtOH_1N.GE_1_H11_all.R1,GATCAAAAGTTCAATTTGTTTGTACA,3,AATAGAATCATCTTACTTCTTATTAC,2
GlyEtOH_1N.GE_2_A11_all.R1,,,GCCGAAACAGGGTTGCGGGTTGGAGG,1
GlyEtOH_1N.GE_1_G07_all.R1,GGCTCAAGTGAAAATACTATTAGCGC,1,GCCGAAACAGGGTTGCGGGTTGGAGG,1
GlyEtOH_1N.GE_2_A12_all.R1,,,AATAGAATCATCTTACTTCTTATTAC,1
GlyEtOH_1N.GE_1_A10_TAAGGCGA-ACATGCAA.R1,,,,
GlyEtOH_1N.rGE-1-E10_S189.R1,,,,
GlyEtOH_1N.GE_1_E10_GGACTCCT-ACATGCAA.R1,,,,
GlyEtOH_1N.GE_1_F08_TAGGCATG-TGAAACTG.R1,TGCAAAAACTCAAAACTTGTTGCAGT,1,AATAGAATCATCTTACTTCTTATTAC,2
GlyEtOH_1N.GE_1_H04_all.R1,ATGTGAAATAGAAATGTGCTTCAATC,2,AATAGAATCATCTTACTTCTTATTAC,1
GlyEtOH_1N.GE_1_G05_CTCTCTAC-GTCATTGA.R1,,,AATAGAATCATCTTACTTCTTATTAC,1
GlyEtOH_1N.GE_1_E06_GGACTCCT-GCATCGTT.R1,CCGATAACGTTAAAGTTGTTTTGTTG,1,,
GlyEtOH_1N.GE_2_A03_all.R1,AGAATAAGCGTAAAAGAGATTTTACC,3,GTACGAAGCGGGTTGAGGATTGGGGG,1
GlyEtOH_1N.GE_1_D01_all.R1,CAGGTAAGACCAAATGCGTTTTAATA,2,,
GlyEtOH_1N.GE_1_F04_all.R1,,,,
GlyEtOH_1N.GE_1_E12_all.R1,TCGCTAAATACTAAATGAGTTTGCTT,1,AATAGAATCATCTTACTTCTTATTAC,1
GlyEtOH_1N.GE_2_B03_CGAGGCTG-GATGACGG.R1,,,,
GlyEtOH_1N.GE_2_A06_all.R1,AGTGCAATTATCAATATATTTTGCCC,1,,
GlyEtOH_1N.GE_1_C11_all.R1,GTCATAATTTTTAAAATAATTAAACC,1,AATAGAATCATCTTACTTCTTATTAC,2
GlyEtOH_1N.GE_1_C01_all.R1,,,,
GlyEtOH_1N.GE_2_B08_CGAGGCTG-TGAAACTG.R1,GAATAAAGAACTAAAAACATTTTGAT,1,AATAGAATCATCTTACTTCTTATTAC,1
GlyEtOH_1N.GE_1_B04_all.R1,,,ATTTGAAGCTTGTTATGTATTTGCGT,2
GlyEtOH_1N.GE_2_B02_all.R1,TACCAAATAGGGAATGTTTTTTATTC,2,AATAGAATCATCTTACTTCTTATTAC,2
GlyEtOH_1N.GE_1_A06_all.R1,AACCAAAACCGGAACTTGGTTGGTCG,1,,
GlyEtOH_1N.GE_1_H03_all.R1,AACAAAATCAGTAACAAAGTTGCAAA,1,AATAGAATCATCTTACTTCTTATTAC,4
GlyEtOH_1N.GE_1_G09_CTCTCTAC-CAATCACA.R1,AAAATAAAGTTGAATGTTATTCTCCG,2,,
GlyEtOH_1N.GE_1_G06_CTCTCTAC-GCATCGTT.R1,ATACTAACCCCAAAAAGGCTTATAGT,2,,
GlyEtOH_1N.GE_1_G04_all.R1,GCCAAAAGAATAAAGCACTTTATCTC,5,GCCGAAACAGGGTTGCGGGTTGGAGG,1
GlyEtOH_1N.rGE-1-D10_S188.R1,TCGGAAAACCAGAAGTGCGTTAGGCG,6,AATAGAATCATCTTACTTCTTATTAC,1
GlyEtOH_1N.GE_1_D02_all.R1,AATACAACAGCAAATCCTGTTTAAGT,2,AATAGAATCATCTTACTTCTTATTAC,1
GlyEtOH_1N.GE_2_A09_all.R1,AGATAAATCTGTAAGGGACTTTAAAT,1,,
GlyEtOH_1N.GE_1_E11_all.R1,TACAGAATTAACAACTGATTTTTACA,1,,
GlyEtOH_1N.GE_1_D07_all.R1,ATAGAAAATTTCAATGGGATTATGCT,3,,
GlyEtOH_1N.GE_1_A07_all.R1,AATCGAATAATGAAAGGGATTGCGCA,3,ATTTGAAGCTTGTTATGTATTTGCGT,2
GlyEtOH_1N.GE_1_E05_GGACTCCT-GTCATTGA.R1,,,,
GlyEtOH_1N.GE_1_E01_all.R1,TAAAAAACAACGAACGGTGTTTTAGT,1,GATTAAAGCCTGTTGCATTTTAGTCG,1
GlyEtOH_1N.GE_1_H05_all.R1,TTTCCAAACTGTAATTATATTCCACA,2,AATAGAATCATCTTACTTCTTATTAC,9
GlyEtOH_1N.GE_2_A01_all.R1,,,,
GlyEtOH_1N.GE_1_C10_AGGCAGAA-ACATGCAA.R1,,,,
GlyEtOH_1N.GE_1_B06_all.R1,AGAGCAAACAAGAAGAATCTTAGATT,1,AGGAGAACGGGGTTGGGGGTTGGGGG,1
GlyEtOH_1N.GE_2_A07_all.R1,,,,
GlyEtOH_1N.rGE-1-G10_S191.R1,ATTAGAAGAAATAAGCCTCTTAGCTG,6,GGTAAAACCAGATTTGGCATTCACTA,2
GlyEtOH_1N.GE_1_H09_CAGAGAGG-CAATCACA.R1,,,,
GlyEtOH_1N.GE_1_D11_all.R1,,,AATAGAATCATCTTACTTCTTATTAC,1
GlyEtOH_1N.GE_1_B08_all.R1,GATCAAAATCAAAATAAGGTTTACAG,1,,
GlyEtOH_1N.GE_1_B03_all.R1,,,CGATCAACAGTGTTGCGCTTTATACG,1
GlyEtOH_1N.GE_1_B11_all.R1,,,GCTTTAACAGATTTTCCTTTTTCTGC,1
GlyEtOH_1N.GE_1_F07_TAGGCATG-AGGTTGAC.R1,,,,
GlyEtOH_1N.GE_1_H08_CAGAGAGG-TGAAACTG.R1,,,,
GlyEtOH_1N.GE_1_A04_all.R1,,,GGTAAAACCAGATTTGGCATTCACTA,2
GlyEtOH_1N.GE_1_D05_all.R1,,,,
GlyEtOH_1N.GE_1_C08_AGGCAGAA-TGAAACTG.R1,,,,
GlyEtOH_1N.GE_1_A02_all.R1,,,AATAGAATCATCTTACTTCTTATTAC,4
GlyEtOH_1N.GE_2_A04_all.R1,AAATGAAGCGATAAGTCTATTAATGT,1,GCCGAAACAGGGTTGCGGGTTGGAGG,1
GlyEtOH_1N.GE_1_G03_all.R1,GTTAAAAAGGCGAAAGAAATTACAAC,3,AATAGAATCATCTTACTTCTTATTAC,2
GlyEtOH_1N.GE_1_A11_TAAGGCGA-ATCGCGCC.R1,,,AATAGAATCATCTTACTTCTTATTAC,1
GlyEtOH_1N.GE_1_A09_all.R1,AGGGGAAGTGGTAAGTTCGTTGGAGC,3,GCCGAAACAGGGTTGCGGGTTGGAGG,2
GlyEtOH_1N.GE_1_A12_all.R1,GGGCAAAAGCTTAATCAAATTGCACG,3,AATAGAATCATCTTACTTCTTATTAC,1
GlyEtOH_1N.GE_1_B12_all.R1,CAGAAAAATAGAAAATTATTTCGGTA,1,AATAGAATCATCTTACTTCTTATTAC,4
GlyEtOH_1N.GE_2_A08_all.R1,,,AGGAGAACGGGGTTGGGGGTTGGGGG,3
GlyEtOH_1N.GE_1_B05_all.R1,CTATCAATAAGTAAACATCTTGATCC,1,,
GlyEtOH_1N.GE_1_C02_all.R1,CACGGAATTAGTAATAGCGTTATTTT,1,,
GlyEtOH_1N.rGE-1-C10_S187.R1,GGATGAAACAACAACCTTTTTTAGCC,1,GGTAAAACCAGATTTGGCATTCACTA,1
GlyEtOH_1N.GE_2_B06_all.R1,ATCGGAAGCAAAAACTTTTTTTTACC,4,,
GlyEtOH_1N.GE_1_E02_all.R1,GCTTCAACACGGACACAGTTTGTAG,1,ATTTGAAGCTTGTTATGTATTTGCGT,1
GlyEtOH_1N.GE_1_C04_all.R1,TAGTGAATTGAAAACGCGTTTGGGGT,4,AGGAGAACGGGGTTGGGGGTTGGGGG,3
GlyEtOH_1N.GE_2_A05_all.R1,CCAAAAATATTAAATTGATTTGACAA,1,,
GlyEtOH_1N.GE_1_F11_TAGGCATG-ATCGCGCC.R1,,,GCCGAAACAGGGTTGCGGGTTGGAGG,2
GlyEtOH_1N.GE_1_D12_all.R1,,,,
GlyEtOH_1N.GE_1_B09_all.R1,TTCTTAAACAAAAATACTGTTTACTT,2,AATAGAATCATCTTACTTCTTATTAC,1
GlyEtOH_1N.rGE-1-A10_S185.R1,,,CGATCAACAGTGTTGCGCTTTATACG,1
GlyEtOH_1N.GE_1_H10_CAGAGAGG-ACATGCAA.R1,,,,
GlyEtOH_1N.GE_1_G02_all.R1,TGCTCAAAATGCAAGCATTTTAGTGG,1,GCCGAAACAGGGTTGCGGGTTGGAGG,1
GlyEtOH_1N.GE_1_E07_all.R1,TGTATAACCTGCAATTACTTTCATGA,1,,
GlyEtOH_1N.GE_1_E09_GGACTCCT-CAATCACA.R1,,,AATAGAATCATCTTACTTCTTATTAC,2
GlyEtOH_1N.GE_1_C06_AGGCAGAA-GCATCGTT.R1,,,ATTTGAAGCTTGTTATGTATTTGCGT,2
GlyEtOH_1N.GE_2_B04_CGAGGCTG-TATAGACG.R1,,,GCCGAAACAGGGTTGCGGGTTGGAGG,1
GlyEtOH_1N.GE_1_F10_TAGGCATG-ACATGCAA.R1,,,,
GlyEtOH_1N.GE_1_B10_CGTACTAG-ACATGCAA.R1,,,,
GlyEtOH_1N.GE_1_D06_TCCTGAGC-GCATCGTT.R1,CTGCAAATCGTCAATGCAATTGATTG,1,GGTAAAACCAGATTTGGCATTCACTA,2
GlyEtOH_1N.GE_1_C03_all.R1,TAAACAAAGCCGAATTGTATTGGGCG,2,AATAGAATCATCTTACTTCTTATTAC,1
GlyEtOH_1N.GE_1_B07_all.R1,,,,
GlyEtOH_1N.GE_2_A10_all.R1,,,GGTAAAACCAGATTTGGCATTCACTA,1
GlyEtOH_1N.rGE-1-F10_S190.R1,CTGTGAAAAGCGAACTTTGTTATATA,1,,
GlyEtOH_1N.GE_1_D09_all.R1,ATAAAAATCAGTAAATGCTTTACCCG,1,GGTAAAACCAGATTTGGCATTCACTA,1
GlyEtOH_1N.GE_1_A03_all.R1,TCTCAAACAGGGAAGCCTCTTCGGGT,2,GGTAAAACCAGATTTGGCATTCACTA,2
GlyEtOH_1N.GE_1_F05_TAGGCATG-GTCATTGA.R1,CCATCAATTTGTAAGCATCTTAGATA,3,GCCGAAACAGGGTTGCGGGTTGGAGG,1
GlyEtOH_1N.GE_1_A01_all.R1,,,ATTTGAAGCTTGTTATGTATTTGCGT,1
GlyEtOH_1N.GE_1_A05_all.R1,GACCCAATTAGTAACGGCGTTCGGGG,4,AATAGAATCATCTTACTTCTTATTAC,1
GlyEtOH_1N.GE_1_B01_all.R1,,,,
GlyEtOH_1N.GE_2_B05_all.R1,AAACGAACCAGTAAATTTCTTGATCC,2,AATAGAATCATCTTACTTCTTATTAC,6
GlyEtOH_1N.GE_1_G12_CTCTCTAC-TCGGTTAA.R1,,,,
GlyEtOH_1N.GE_1_D08_all.R1,TGACTAATGATAAAGTTAGTTCCGCC,1,GCCGAAACAGGGTTGCGGGTTGGAGG,1
GlyEtOH_1N.GE_2_B01_all.R1,CCTTGAAGCTCTAAACTGCTTAAGAT,1,GCTTTAACAGATTTTCCTTTTTCTGC,2
GlyEtOH_1N.rGE-1-B10_S186.R1,AACAAAACAGATAAGCCATTTAATGG,2,GGTAAAACCAGATTTGGCATTCACTA,1
GlyEtOH_1N.GE_1_C07_AGGCAGAA-AGGTTGAC.R1,,,,
GlyEtOH_1N.GE_1_G01_all.R1,CACAAAATCTATAAACGAATTTAGTG,4,AATAGAATCATCTTACTTCTTATTAC,2
GlyEtOH_1N.GE_1_F09_TAGGCATG-CAATCACA.R1,AAAACAACAGTCAAAGTAATTCTATA,1,,
GlyEtOH_1N.rGE-1-H10_S192.R1,ATGTCAAAATGAAACTTAGTTACTGT,3,GCCGAAACAGGGTTGCGGGTTGGAGG,2
GlyEtOH_1N.GE_1_D03_all.R1,CCACAAACCCTCAATGGGTTTGATAT,1,,
GlyEtOH_1N.GE_2_B07_all.R1,CTAAAAAAAAAAAATGATATTCCAGA,2,AATAGAATCATCTTACTTCTTATTAC,1
GlyEtOH_1N.GE_1_D04_all.R1,CCTAAAATACAGAAAACCTTTTTGCA,2,GGTAAAACCAGATTTGGCATTCACTA,1
GlyEtOH_1N.GE_1_C05_AGGCAGAA-GTCATTGA.R1,,,AATAGAATCATCTTACTTCTTATTAC,2
GlyEtOH_1N.GE_1_H02_all.R1,ATAGAAATTCGGAAGCCAGTTGAAAG,2,AATAGAATCATCTTACTTCTTATTAC,2
GlyEtOH_1N.GE_1_H01_all.R1,GAATAAAGTCTAAACAGTTTTATCTG,1,AATAGAATCATCTTACTTCTTATTAC,2
GlyEtOH_1N.GE_1_G08_CTCTCTAC-TGAAACTG.R1,TCAAAAATTTACAAACGAATTGCTAG,1,,
GlyEtOH_1N.GE_1_F01_all.R1,,,AATAGAATCATCTTACTTCTTATTAC,3
GlyEtOH_1N.GE_1_E08_GGACTCCT-TGAAACTG.R1,AGAGAAAGCTCAAACGGTTTTTGTGT,1,GGTAAAACCAGATTTGGCATTCACTA,1
GlyEtOH_1N.GE_1_B02_all.R1,GTAGTAACAATAAATACTTTTTGCCA,1,ATTTGAAGCTTGTTATGTATTTGCGT,1
GlyEtOH_1N.GE_1_H07_all.R1,AGTTGAACCAAAAACATTATTGTATA,6,GCCGAAACAGGGTTGCGGGTTGGAGG,1
GlyEtOH_1N.GE_1_E03_all.R1,TCACGAACTCGAAAGACAATTATAAA,2,AATAGAATCATCTTACTTCTTATTAC,1
FLC_2N_Plate1.FLC-H11_S95_R1_001,,,,
FLC_2N_Plate1.FLC-G9_S81_R1_001,,,,
FLC_2N_Plate1.FLC-D7_S43_R1_001,,,,
FLC_2N_Plate1.FLC-C6_S30_R1_001,,,,
FLC_2N_Plate1.FLC-D8_S44_R1_001,,,,
FLC_2N_Plate1.FLC-A11_S11_R1_001,,,CTATTAATCATTTTTTTTCTTGTTTT,3
FLC_2N_Plate1.FLC-F6_S66_R1_001,ATCGTAATCATAAAGAGAGTTTCGGT,2,CCATGAACATATTTGTCAATTACTTA,1
FLC_2N_Plate1.FLC-A6_S6_R1_001,,,,
FLC_2N_Plate1.FLC-A5_S5_R1_001,,,TTATTAACTTCATTAGTAATTTGTTG;CCATGAACATATTTGTCAATTACTTA,1;1
FLC_2N_Plate1.FLC-E5_S53_R1_001,,,,
FLC_2N_Plate1.FLC-E1_S49_R1_001,,,CCATGAACATATTTGTCAATTACTTA,1
FLC_2N_Plate1.FLC-D12_S48_R1_001,,,,
FLC_2N_Plate1.FLC-C3_S27_R1_001,,,,
FLC_2N_Plate1.FLC-A2_S2_R1_001,,,,
FLC_2N_Plate1.FLC-H3_S87_R1_001,,,,
FLC_2N_Plate1.FLC-A3_S3_R1_001,,,CCATGAACATATTTGTCAATTACTTA,1
FLC_2N_Plate1.FLC-H4_S88_R1_001,,,,
FLC_2N_Plate1.FLC-F9_S69_R1_001,AAAGTAAGGCGCAACGACCTTGCGGG,3,CCATGAACATATTTGTCAATTACTTA,1
FLC_2N_Plate1.FLC-E9_S57_R1_001,,,ATGGTAAAAGTGTTATCCATTGTGGA,3
FLC_2N_Plate1.FLC-C7_S31_R1_001,,,,
FLC_2N_Plate1.FLC-C12_S36_R1_001,,,,
FLC_2N_Plate1.FLC-E12_S60_R1_001,TGGCTAACGCTGAAATTACTTAGAGG,2,CCATGAACATATTTGTCAATTACTTA,5
FLC_2N_Plate1.FLC-F2_S62_R1_001,,,CCATGAACATATTTGTCAATTACTTA,2
FLC_2N_Plate1.FLC-H12_S96_R1_001,,,,
FLC_2N_Plate1.FLC-G12_S84_R1_001,,,,
FLC_2N_Plate1.FLC-G1_S73_R1_001,,,,
FLC_2N_Plate1.FLC-B11_S23_R1_001,AAAGGAATCTGAAATGCCTTTGTGAA,2,,
FLC_2N_Plate1.FLC-G11_S83_R1_001,,,,
FLC_2N_Plate1.FLC-B9_S21_R1_001,,,,
FLC_2N_Plate1.FLC-D1_S37_R1_001,CCTATAAGACCTAAATGTTTTGGAAA,1,,
FLC_2N_Plate1.FLC-G8_S80_R1_001,,,,
FLC_2N_Plate1.FLC-A1_S1_R1_001,,,,
FLC_2N_Plate1.FLC-C11_S35_R1_001,AGCTAAAATTTCAAGCTCCTTTTATT,1,,
FLC_2N_Plate1.FLC-G7_S79_R1_001,,,,
FLC_2N_Plate1.FLC-B7_S19_R1_001,ACATCAAAATTTAATTTGATTTTTTG,1,GAACAAAAAATCTTGAGACTTCCAAC;CCATGAACATATTTGTCAATTACTTA,1;2
FLC_2N_Plate1.FLC-A8_S8_R1_001,CAGCCAATACCGAAACCGATTGTTGT,1,,
FLC_2N_Plate1.FLC-B6_S18_R1_001,,,,
FLC_2N_Plate1.FLC-B10_S22_R1_001,,,,
FLC_2N_Plate1.FLC-E2_S50_R1_001,AAGTAAAAAGAAAATAAAATTCTAAA,3,CCATGAACATATTTGTCAATTACTTA,1
FLC_2N_Plate1.FLC-E3_S51_R1_001,AGTCTAAAAGGCAAATACCTTATCCG,3,CCATGAACATATTTGTCAATTACTTA,1
FLC_2N_Plate1.FLC-E11_S59_R1_001,ACGTGAACGAGTAATGGAGTTCTGGC,2,,
FLC_2N_Plate1.FLC-C1_S25_R1_001,,,,
FLC_2N_Plate1.FLC-E7_S55_R1_001,,,,
FLC_2N_Plate1.FLC-G2_S74_R1_001,,,,
FLC_2N_Plate1.FLC-F7_S67_R1_001,,,,
FLC_2N_Plate1.FLC-F4_S64_R1_001,,,CCATGAACATATTTGTCAATTACTTA,2
FLC_2N_Plate1.FLC-F3_S63_R1_001,,,CCATGAACATATTTGTCAATTACTTA,2
FLC_2N_Plate1.FLC-C10_S34_R1_001,CTAAGAACGTTAAAGCAGATTCTGAA,2,,
FLC_2N_Plate1.FLC-D10_S46_R1_001,,,,
FLC_2N_Plate1.FLC-F1_S61_R1_001,AACCCAACATATAATAGTTTTTTAAT,1,CCATGAACATATTTGTCAATTACTTA,1
FLC_2N_Plate1.FLC-F10_S70_R1_001,,,,
FLC_2N_Plate1.FLC-F12_S72_R1_001,,,,
FLC_2N_Plate1.FLC-E10_S58_R1_001,AGAGGAAGCGGCAATGGGGTTTCGCG,4,,
FLC_2N_Plate1.FLC-B8_S20_R1_001,TGGTAAAAAGACAAATCGATTAGTTA,1,,
FLC_2N_Plate1.FLC-A10_S10_R1_001,,,,
FLC_2N_Plate1.FLC-H1_S85_R1_001,,,,
FLC_2N_Plate1.FLC-F11_S71_R1_001,,,,
FLC_2N_Plate1.FLC-D5_S41_R1_001,GGTGAAATAAAAAATTACATTGTGAA,1,,
FLC_2N_Plate1.FLC-D2_S38_R1_001,,,,
FLC_2N_Plate1.FLC-A12_S12_R1_001,,,,
FLC_2N_Plate1.FLC-C9_S33_R1_001,,,CCATGAACATATTTGTCAATTACTTA,1
FLC_2N_Plate1.FLC-C4_S28_R1_001,,,,
FLC_2N_Plate1.FLC-D4_S40_R1_001,CGAGAAAGGGGCAATGAAATTGTATG,1,,
FLC_2N_Plate1.FLC-E6_S54_R1_001,,,ATGGTAAAAGTGTTATCCATTGTGGA,1
FLC_2N_Plate1.FLC-C5_S29_R1_001,ATATTAAATTTAAATAAGTTTTAGTG,2,,
FLC_2N_Plate1.FLC-A7_S7_R1_001,,,CCATGAACATATTTGTCAATTACTTA,1
FLC_2N_Plate1.FLC-B1_S13_R1_001,,,CCATGAACATATTTGTCAATTACTTA,2
FLC_2N_Plate1.FLC-G5_S77_R1_001,TGTTTAAGATCCAATTAGTTTTCAGG,1,CCATGAACATATTTGTCAATTACTTA,1
FLC_2N_Plate1.FLC-G10_S82_R1_001,,,,
FLC_2N_Plate1.FLC-B3_S15_R1_001,,,CCATGAACATATTTGTCAATTACTTA,3
FLC_2N_Plate1.FLC-B5_S17_R1_001,,,,
FLC_2N_Plate1.FLC-F5_S65_R1_001,,,CCATGAACATATTTGTCAATTACTTA,1
FLC_2N_Plate1.FLC-B2_S14_R1_001,ATACAAAGCGTTAAGACTGTTGGAGT,1,CCATGAACATATTTGTCAATTACTTA,2
FLC_2N_Plate1.FLC-H5_S89_R1_001,,,,
FLC_2N_Plate1.FLC-B4_S16_R1_001,TATCAAATGATTAATCGTCTTTTCAC,1,,
FLC_2N_Plate1.FLC-H7_S91_R1_001,,,,
FLC_2N_Plate1.FLC-D11_S47_R1_001,,,,
FLC_2N_Plate1.FLC-H9_S93_R1_001,,,,
FLC_2N_Plate1.FLC-G3_S75_R1_001,,,AGGTAAAACCACTTCCCAATTTGGGC,1
FLC_2N_Plate1.FLC-A4_S4_R1_001,,,,
FLC_2N_Plate1.FLC-D9_S45_R1_001,TTTGGAAGCAGCAATCATTTTACGAT,2,CCATGAACATATTTGTCAATTACTTA,1
FLC_2N_Plate1.FLC-H8_S92_R1_001,,,,
FLC_2N_Plate1.FLC-G6_S78_R1_001,,,,
FLC_2N_Plate1.FLC-A9_S9_R1_001,,,,
FLC_2N_Plate1.FLC-C8_S32_R1_001,AATCTAAGTACTAAACCTCTTTATAA,2,CCATGAACATATTTGTCAATTACTTA,1
FLC_2N_Plate1.FLC-D3_S39_R1_001,TGCTTAAAATGTAAGACCGTTTAGTG,1,,
FLC_2N_Plate1.FLC-E4_S52_R1_001,,,CCATGAACATATTTGTCAATTACTTA,1
FLC_2N_Plate1.FLC-E8_S56_R1_001,,,,
FLC_2N_Plate1.FLC-G4_S76_R1_001,,,,
FLC_2N_Plate1.FLC-B12_S24_R1_001,,,,
FLC_2N_Plate1.FLC-F8_S68_R1_001,,,,
FLC_2N_Plate1.FLC-C2_S26_R1_001,TTCTGAAGCAGTAAAGGCCTTTTAAC,1,,
FLC_2N_Plate1.FLC-D6_S42_R1_001,TATTCAAACTGGAATTTTTTTGCGGG,3,,
CLM_clones_1N.P1-E7-CTCTCTAC-TACTCCTT_S55_R1_001,ACTCTAACGTAAAACCGGTTTCCGGA,2,CAACAAAAGCGTTTTTTACTTGTAAT,1
CLM_clones_1N.P2-F7-TAGCGCTC-ATAGCCTT_S163_R1_001,GTTCTAACTACTAACCTGATTAATAT,1,,
CLM_clones_1N.P1-G4-TCCTGAGC-ATTAGACG_S76_R1_001,,,,
CLM_clones_1N.P2-F8-ACTGAGCG-ATAGCCTT_S164_R1_001,,,,
CLM_clones_1N.P2-H11-TGCAGCTA-TCGCATAA_S191_R1_001,,,,
CLM_clones_1N.P2-G11-TGCAGCTA-TAAGGCTC_S179_R1_001,,,TTCCCAAGCGAATTATATTTTTGAGA,1
CLM_clones_1N.P2-D9-CCTAAGAC-TCTTACGC_S141_R1_001,AAACGAACGGTGAACTCTATTTATCG,1,,
CLM_clones_1N.P1-C9-AAGAGGCA-CTCCTTAC_S33_R1_001,TCTAGAATCGGCAAGACCGTTAATTG,2,TTCCCAAGCGAATTATATTTTTGAGA,2
CLM_clones_1N.P2-B7-TAGCGCTC-AGCTAGAA_S115_R1_001,TTATGAAATGTGAAGAAGTTTGAAAA,2,,
CLM_clones_1N.P2-F12-TCGACGTC-ATAGCCTT_S168_R1_001,GCGACAACGGGGAAGCCGGTTGGGGG,2,CAACAAAAGCGTTTTTTACTTGTAAT,1
CLM_clones_1N.P1-E8-CGAGGCTG-TACTCCTT_S56_R1_001,GAATTAACCAGGAAATCGCTTGACAC,1,,
CLM_clones_1N.P1-C10-GTAGAGGA-CTCCTTAC_S34_R1_001,,,,
CLM_clones_1N.P1-E11-GCTCATGA-TACTCCTT_S59_R1_001,TGGCGAAATCTCAAGTAGCTTGTAGG,1,,
CLM_clones_1N.P2-G10-CGATCAGT-TAAGGCTC_S178_R1_001,,,,
CLM_clones_1N.P1-A2-CGTACTAG-ATAGAGAG_S2_R1_001,,,,
CLM_clones_1N.P2-C3-GCGTAGTA-ACTCTAGG_S123_R1_001,,,TTCCCAAGCGAATTATATTTTTGAGA,1
CLM_clones_1N.P2-D4-CGGAGCCT-TCTTACGC_S136_R1_001,,,,
CLM_clones_1N.P1-D4-TCCTGAGC-TATGCAGT_S40_R1_001,,,TTCCCAAGCGAATTATATTTTTGAGA,2
CLM_clones_1N.P1-C6-TAGGCATG-CTCCTTAC_S30_R1_001,ACTCTAACGTAAAACCGGTTTCCGGA,2,,
CLM_clones_1N.P2-C5-TACGCTGC-ACTCTAGG_S125_R1_001,AGGAAAATGGCTAATTGTCTTAATGG,2,,
CLM_clones_1N.P2-E11-TGCAGCTA-CTTAATAG_S155_R1_001,,,,
CLM_clones_1N.P1-E6-TAGGCATG-TACTCCTT_S54_R1_001,,,,
CLM_clones_1N.P2-C4-CGGAGCCT-ACTCTAGG_S124_R1_001,AAACTAATATCTAAAAGAATTAACAC,4,TACAAAACACGTTTTCGGCTTAGCAA,2
CLM_clones_1N.P1-B1-TAAGGCGA-AGAGGATA_S13_R1_001,,,TTCCCAAGCGAATTATATTTTTGAGA,1
CLM_clones_1N.P1-G12-ATCTCAGG-ATTAGACG_S84_R1_001,AGGAAAATGGCTAATTGTCTTAATGG,1,TTCCCAAGCGAATTATATTTTTGAGA,2
CLM_clones_1N.P2-A1-ACTCGCTA-CTAGTCGA_S97_R1_001,,,,
CLM_clones_1N.P2-F9-CCTAAGAC-ATAGCCTT_S165_R1_001,ACCGTAATTCGCAAGGCCATTGGTAA,2,,
CLM_clones_1N.P2-D3-GCGTAGTA-TCTTACGC_S135_R1_001,,,,
CLM_clones_1N.P1-D2-CGTACTAG-TATGCAGT_S38_R1_001,,,,
CLM_clones_1N.P1-C3-AGGCAGAA-CTCCTTAC_S27_R1_001,,,TTCCCAAGCGAATTATATTTTTGAGA,1
CLM_clones_1N.P2-A7-TAGCGCTC-CTAGTCGA_S103_R1_001,,,,
CLM_clones_1N.P2-H9-CCTAAGAC-TCGCATAA_S189_R1_001,,,AGCTTAAGCGATTTATCGTTTCATCC,1
CLM_clones_1N.P2-B12-TCGACGTC-AGCTAGAA_S120_R1_001,,,,
CLM_clones_1N.P2-H12-TCGACGTC-TCGCATAA_S192_R1_001,GTGTAAATTTTGAAGTGTGTTGTCCC,1,,
CLM_clones_1N.P1-C11-GCTCATGA-CTCCTTAC_S35_R1_001,,,,
CLM_clones_1N.P1-F12-ATCTCAGG-AGGCTTAG_S72_R1_001,,,,
CLM_clones_1N.P1-D3-AGGCAGAA-TATGCAGT_S39_R1_001,,,,
CLM_clones_1N.P2-B5-TACGCTGC-AGCTAGAA_S113_R1_001,,,,
CLM_clones_1N.P1-F7-CTCTCTAC-AGGCTTAG_S67_R1_001,,,TTCCCAAGCGAATTATATTTTTGAGA,1
CLM_clones_1N.P2-B9-CCTAAGAC-AGCTAGAA_S117_R1_001,CTCGTAATGTGTAAAATTCTTTGGGA,3,CAACAAAAGCGTTTTTTACTTGTAAT,2
CLM_clones_1N.P2-E10-CGATCAGT-CTTAATAG_S154_R1_001,,,TTCCCAAGCGAATTATATTTTTGAGA,1
CLM_clones_1N.P1-G5-GGACTCCT-ATTAGACG_S77_R1_001,,,,
CLM_clones_1N.P2-A12-TCGACGTC-CTAGTCGA_S108_R1_001,AAGCTAATTAGAAATCGGTTTCGGAC,1,TTCCCAAGCGAATTATATTTTTGAGA,1
CLM_clones_1N.P1-G1-TAAGGCGA-ATTAGACG_S73_R1_001,,,,
CLM_clones_1N.P2-B6-ATGCGCAG-AGCTAGAA_S114_R1_001,ATTACAAGTAGCAAGGACATTAGATT,2,,
CLM_clones_1N.P1-B4-TCCTGAGC-AGAGGATA_S16_R1_001,GCTACAATTCAGAAGGAAGTTCGATA,1,,
CLM_clones_1N.P1-E10-GTAGAGGA-TACTCCTT_S58_R1_001,,,,
CLM_clones_1N.P1-H11-GCTCATGA-CGGAGAGA_S95_R1_001,,,TTCCCAAGCGAATTATATTTTTGAGA,2
CLM_clones_1N.P2-C1-ACTCGCTA-ACTCTAGG_S121_R1_001,,,AGCTTAAGCGATTTATCGTTTCATCC,1
CLM_clones_1N.P2-G6-ATGCGCAG-TAAGGCTC_S174_R1_001,,,TTCCCAAGCGAATTATATTTTTGAGA,1
CLM_clones_1N.P2-C2-GGAGCTAC-ACTCTAGG_S122_R1_001,,,,
CLM_clones_1N.P2-D8-ACTGAGCG-TCTTACGC_S140_R1_001,,,,
CLM_clones_1N.P2-A8-ACTGAGCG-CTAGTCGA_S104_R1_001,,,,
CLM_clones_1N.P2-G5-TACGCTGC-TAAGGCTC_S173_R1_001,CTTACAAAGTTCAACATGTTTAACCG,1,,
CLM_clones_1N.P2-D7-TAGCGCTC-TCTTACGC_S139_R1_001,,,TTCCCAAGCGAATTATATTTTTGAGA,1
CLM_clones_1N.P1-B3-AGGCAGAA-AGAGGATA_S15_R1_001,,,TTCCCAAGCGAATTATATTTTTGAGA,1
CLM_clones_1N.P1-G8-CGAGGCTG-ATTAGACG_S80_R1_001,,,,
CLM_clones_1N.P2-H4-CGGAGCCT-TCGCATAA_S184_R1_001,,,TTCCCAAGCGAATTATATTTTTGAGA,1
CLM_clones_1N.P2-F10-CGATCAGT-ATAGCCTT_S166_R1_001,,,TACAAAACACGTTTTCGGCTTAGCAA,1
CLM_clones_1N.P1-G6-TAGGCATG-ATTAGACG_S78_R1_001,ATCACAATACGAAACCAAGTTTGTCT,1,,
CLM_clones_1N.P2-B4-CGGAGCCT-AGCTAGAA_S112_R1_001,,,,
CLM_clones_1N.P1-H12-ATCTCAGG-CGGAGAGA_S96_R1_001,,,TTCCCAAGCGAATTATATTTTTGAGA,1
CLM_clones_1N.P2-D1-ACTCGCTA-TCTTACGC_S133_R1_001,TTCCAAAATCTTAATTTCTTTAATGT,1,TTCCCAAGCGAATTATATTTTTGAGA,2
CLM_clones_1N.P2-F2-GGAGCTAC-ATAGCCTT_S158_R1_001,TTAGGAATAAGGAAGGGTCTTGTTTT,1,,
CLM_clones_1N.P1-F5-GGACTCCT-AGGCTTAG_S65_R1_001,,,,
CLM_clones_1N.P1-E9-AAGAGGCA-TACTCCTT_S57_R1_001,,,,
CLM_clones_1N.P1-H7-CTCTCTAC-CGGAGAGA_S91_R1_001,ATCACAATACGAAACCAAGTTTGTCT,1,TTCCCAAGCGAATTATATTTTTGAGA,1
CLM_clones_1N.P1-H4-TCCTGAGC-CGGAGAGA_S88_R1_001,,,,
CLM_clones_1N.P2-F11-TGCAGCTA-ATAGCCTT_S167_R1_001,,,,
CLM_clones_1N.P2-F3-GCGTAGTA-ATAGCCTT_S159_R1_001,,,,
CLM_clones_1N.P1-F4-TCCTGAGC-AGGCTTAG_S64_R1_001,,,TACAAAACACGTTTTCGGCTTAGCAA,1
CLM_clones_1N.P1-A5-GGACTCCT-ATAGAGAG_S5_R1_001,,,,
CLM_clones_1N.P2-B2-GGAGCTAC-AGCTAGAA_S110_R1_001,AAGCTAATTAGAAATCGGTTTCGGAC,1,TTCCCAAGCGAATTATATTTTTGAGA,1
CLM_clones_1N.P1-C7-CTCTCTAC-CTCCTTAC_S31_R1_001,AAACGAACGGTGAACTCTATTTATCG,1,,
CLM_clones_1N.P1-D10-GTAGAGGA-TATGCAGT_S46_R1_001,,,,
CLM_clones_1N.P1-A10-GTAGAGGA-ATAGAGAG_S10_R1_001,,,,
CLM_clones_1N.P2-E2-GGAGCTAC-CTTAATAG_S146_R1_001,,,TTCCCAAGCGAATTATATTTTTGAGA,1
CLM_clones_1N.P1-H5-GGACTCCT-CGGAGAGA_S89_R1_001,,,AGCTTAAGCGATTTATCGTTTCATCC,2
CLM_clones_1N.P1-H6-TAGGCATG-CGGAGAGA_S90_R1_001,,,,
CLM_clones_1N.P1-F8-CGAGGCTG-AGGCTTAG_S68_R1_001,,,TTCCCAAGCGAATTATATTTTTGAGA,1
CLM_clones_1N.P1-B6-TAGGCATG-AGAGGATA_S18_R1_001,TGGCGAAATCTCAAGTAGCTTGTAGG,3,,
CLM_clones_1N.P2-A3-GCGTAGTA-CTAGTCGA_S99_R1_001,ACTCTAACGTAAAACCGGTTTCCGGA,1,,
CLM_clones_1N.P1-B9-AAGAGGCA-AGAGGATA_S21_R1_001,AGGAAAATGGCTAATTGTCTTAATGG,1,TTCCCAAGCGAATTATATTTTTGAGA,1
CLM_clones_1N.P1-D1-TAAGGCGA-TATGCAGT_S37_R1_001,,,TTCCCAAGCGAATTATATTTTTGAGA,3
CLM_clones_1N.P2-E5-TACGCTGC-CTTAATAG_S149_R1_001,,,TACAAAACACGTTTTCGGCTTAGCAA,1
CLM_clones_1N.P1-F9-AAGAGGCA-AGGCTTAG_S69_R1_001,TCCCCAAGTAGGAAGGTAATTCGGAT,3,AGCTTAAGCGATTTATCGTTTCATCC,4
CLM_clones_1N.P2-G1-ACTCGCTA-TAAGGCTC_S169_R1_001,,,,
CLM_clones_1N.P1-H2-CGTACTAG-CGGAGAGA_S86_R1_001,,,,
CLM_clones_1N.P1-G3-AGGCAGAA-ATTAGACG_S75_R1_001,TTATGAAATGTGAAGAAGTTTGAAAA,1,TACAAAACACGTTTTCGGCTTAGCAA,1
CLM_clones_1N.P2-D12-TCGACGTC-TCTTACGC_S144_R1_001,,,,
CLM_clones_1N.P1-B11-GCTCATGA-AGAGGATA_S23_R1_001,GCTCTAAGAAAGAAATGCGTTGCTAG,2,TACAAAACACGTTTTCGGCTTAGCAA,1
CLM_clones_1N.P2-D10-CGATCAGT-TCTTACGC_S142_R1_001,,,,
CLM_clones_1N.P2-G2-GGAGCTAC-TAAGGCTC_S170_R1_001,,,,
CLM_clones_1N.P2-B1-ACTCGCTA-AGCTAGAA_S109_R1_001,,,,
CLM_clones_1N.P2-A4-CGGAGCCT-CTAGTCGA_S100_R1_001,,,,
CLM_clones_1N.P1-H9-AAGAGGCA-CGGAGAGA_S93_R1_001,,,,
CLM_clones_1N.P2-B3-GCGTAGTA-AGCTAGAA_S111_R1_001,ATCACAATACGAAACCAAGTTTGTCT,1,,
CLM_clones_1N.P2-G9-CCTAAGAC-TAAGGCTC_S177_R1_001,,,,
CLM_clones_1N.P2-A10-CGATCAGT-CTAGTCGA_S106_R1_001,,,,
CLM_clones_1N.P1-D8-CGAGGCTG-TATGCAGT_S44_R1_001,,,,
CLM_clones_1N.P1-A4-TCCTGAGC-ATAGAGAG_S4_R1_001,,,TTACTAAAAGTCTTCTATGTTTTCAT,1
CLM_clones_1N.P2-F4-CGGAGCCT-ATAGCCTT_S160_R1_001,,,,
CLM_clones_1N.P2-B11-TGCAGCTA-AGCTAGAA_S119_R1_001,,,,
CLM_clones_1N.P1-B2-CGTACTAG-AGAGGATA_S14_R1_001,GAGCTAATTATAAATGGCATTTATTT,2,,
CLM_clones_1N.P1-D9-AAGAGGCA-TATGCAGT_S45_R1_001,CGTTCAATACAGAAGATGTTTGTGAC,2,,
CLM_clones_1N.P1-B7-CTCTCTAC-AGAGGATA_S19_R1_001,,,,
CLM_clones_1N.P2-G12-TCGACGTC-TAAGGCTC_S180_R1_001,,,,
CLM_clones_1N.P1-C2-CGTACTAG-CTCCTTAC_S26_R1_001,,,TTCCCAAGCGAATTATATTTTTGAGA,1
CLM_clones_1N.P2-B8-ACTGAGCG-AGCTAGAA_S116_R1_001,GCTCTAAGAAAGAAATGCGTTGCTAG,1,,
CLM_clones_1N.P2-C8-ACTGAGCG-ACTCTAGG_S128_R1_001,ATCACAATACGAAACCAAGTTTGTCT,1,,
CLM_clones_1N.P1-E1-TAAGGCGA-TACTCCTT_S49_R1_001,,,TACAAAACACGTTTTCGGCTTAGCAA,1
CLM_clones_1N.P2-A5-TACGCTGC-CTAGTCGA_S101_R1_001,,,TTCCCAAGCGAATTATATTTTTGAGA,2
CLM_clones_1N.P2-F5-TACGCTGC-ATAGCCTT_S161_R1_001,,,,
CLM_clones_1N.P2-H10-CGATCAGT-TCGCATAA_S190_R1_001,CAGCCAACCGCTAATAACCTTAGACT,1,,
CLM_clones_1N.P1-E5-GGACTCCT-TACTCCTT_S53_R1_001,ATGGCAAATCCTAAGTACTTTAGGGA,1,,
CLM_clones_1N.P2-A6-ATGCGCAG-CTAGTCGA_S102_R1_001,,,TTCCCAAGCGAATTATATTTTTGAGA,1
CLM_clones_1N.P1-A6-TAGGCATG-ATAGAGAG_S6_R1_001,,,,
CLM_clones_1N.P1-E4-TCCTGAGC-TACTCCTT_S52_R1_001,AGCTAAAAGTGTAAGCGTGTTAGAAC,1,,
CLM_clones_1N.P1-C8-CGAGGCTG-CTCCTTAC_S32_R1_001,CAGGTAATTATAAAACTCTTTGATTT,1,TAATTAACATCATTTAGTGTTACTGA,1
CLM_clones_1N.P1-A11-GCTCATGA-ATAGAGAG_S11_R1_001,TCGTCAAGTGGGAAGGATATTCCTCG,1,TAATTAACATCATTTAGTGTTACTGA,1
CLM_clones_1N.P1-H8-CGAGGCTG-CGGAGAGA_S92_R1_001,GTAGGAAACGTCAAACAAGTTATCTC,1,TTCCCAAGCGAATTATATTTTTGAGA,1
CLM_clones_1N.P1-E2-CGTACTAG-TACTCCTT_S50_R1_001,,,,
CLM_clones_1N.P1-F11-GCTCATGA-AGGCTTAG_S71_R1_001,AGCTGAAATAGTAACTCGTTTATGTA,1,,
CLM_clones_1N.P2-A9-CCTAAGAC-CTAGTCGA_S105_R1_001,GAACAAACTAACAAACGGGTTGGTCT,1,,
CLM_clones_1N.P1-B10-GTAGAGGA-AGAGGATA_S22_R1_001,,,,
CLM_clones_1N.P2-C10-CGATCAGT-ACTCTAGG_S130_R1_001,,,AGCTTAAGCGATTTATCGTTTCATCC,1
CLM_clones_1N.P1-A7-CTCTCTAC-ATAGAGAG_S7_R1_001,TCGTCAAGTGGGAAGGATATTCCTCG,1,TAATTAACATCATTTAGTGTTACTGA,1
CLM_clones_1N.P1-H3-AGGCAGAA-CGGAGAGA_S87_R1_001,TTATGAAATGTGAAGAAGTTTGAAAA,1,,
CLM_clones_1N.P2-D11-TGCAGCTA-TCTTACGC_S143_R1_001,CAGGTAATTATAAAACTCTTTGATTT,1,TAATTAACATCATTTAGTGTTACTGA,1
CLM_clones_1N.P2-H8-ACTGAGCG-TCGCATAA_S188_R1_001,,,CAACAAAAGCGTTTTTTACTTGTAAT,1
CLM_clones_1N.P1-F1-TAAGGCGA-AGGCTTAG_S61_R1_001,,,TACAAAACACGTTTTCGGCTTAGCAA,1
CLM_clones_1N.P2-C7-TAGCGCTC-ACTCTAGG_S127_R1_001,AGGAAAATGGCTAATTGTCTTAATGG,1,,
CLM_clones_1N.P1-H1-TAAGGCGA-CGGAGAGA_S85_R1_001,TCCCCAAGTAGGAAGGTAATTCGGAT,2,AGCTTAAGCGATTTATCGTTTCATCC,1
CLM_clones_1N.P1-H10-GTAGAGGA-CGGAGAGA_S94_R1_001,,,,
CLM_clones_1N.P1-A1-TAAGGCGA-ATAGAGAG_S1_R1_001,,,,
CLM_clones_1N.P1-G11-GCTCATGA-ATTAGACG_S83_R1_001,ACCATAACCATTAATAATTTTTGCGC,3,AGCTTAAGCGATTTATCGTTTCATCC,4
CLM_clones_1N.P2-E3-GCGTAGTA-CTTAATAG_S147_R1_001,TTATGAAATGTGAAGAAGTTTGAAAA,1,,
CLM_clones_1N.P2-A11-TGCAGCTA-CTAGTCGA_S107_R1_001,ACTCTAACGTAAAACCGGTTTCCGGA,1,,
CLM_clones_1N.P2-G4-CGGAGCCT-TAAGGCTC_S172_R1_001,ACTCTAACGTAAAACCGGTTTCCGGA,1,CAACAAAAGCGTTTTTTACTTGTAAT,1
CLM_clones_1N.P1-C5-GGACTCCT-CTCCTTAC_S29_R1_001,GAATTAACCAGGAAATCGCTTGACAC,3,TTCCCAAGCGAATTATATTTTTGAGA,2
CLM_clones_1N.P2-G7-TAGCGCTC-TAAGGCTC_S175_R1_001,,,TTCCCAAGCGAATTATATTTTTGAGA,1
CLM_clones_1N.P2-C11-TGCAGCTA-ACTCTAGG_S131_R1_001,CCAGTAATCTAAAAGTTATTTTGTAG,2,,
CLM_clones_1N.P1-F10-GTAGAGGA-AGGCTTAG_S70_R1_001,,,,
CLM_clones_1N.P1-G9-AAGAGGCA-ATTAGACG_S81_R1_001,ACTCTAACGTAAAACCGGTTTCCGGA,1,,
CLM_clones_1N.P1-E3-AGGCAGAA-TACTCCTT_S51_R1_001,,,,
CLM_clones_1N.P2-H7-TAGCGCTC-TCGCATAA_S187_R1_001,ATGCAAAATCACAAAACGCTTAAATG,1,,
CLM_clones_1N.P1-D7-CTCTCTAC-TATGCAGT_S43_R1_001,,,TTACTAAAAGTCTTCTATGTTTTCAT,1
CLM_clones_1N.P2-H2-GGAGCTAC-TCGCATAA_S182_R1_001,,,,
CLM_clones_1N.P2-H5-TACGCTGC-TCGCATAA_S185_R1_001,,,TAATTAACATCATTTAGTGTTACTGA,1
CLM_clones_1N.P1-D6-TAGGCATG-TATGCAGT_S42_R1_001,,,AGCTTAAGCGATTTATCGTTTCATCC,1
CLM_clones_1N.P2-E7-TAGCGCTC-CTTAATAG_S151_R1_001,GTTCTAACTACTAACCTGATTAATAT,2,,
CLM_clones_1N.P2-H6-ATGCGCAG-TCGCATAA_S186_R1_001,TGGCGAAATCTCAAGTAGCTTGTAGG,1,,
CLM_clones_1N.P1-D5-GGACTCCT-TATGCAGT_S41_R1_001,AAGCTAATTAGAAATCGGTTTCGGAC,2,,
CLM_clones_1N.P1-B8-CGAGGCTG-AGAGGATA_S20_R1_001,ATACTAAGTCATAAATGAATTCGCCA,1,TACAAAACACGTTTTCGGCTTAGCAA,1
CLM_clones_1N.P2-D6-ATGCGCAG-TCTTACGC_S138_R1_001,,,TTCCCAAGCGAATTATATTTTTGAGA,2
CLM_clones_1N.P1-B12-ATCTCAGG-AGAGGATA_S24_R1_001,ACTCTAACGTAAAACCGGTTTCCGGA,1,CAACAAAAGCGTTTTTTACTTGTAAT,1
CLM_clones_1N.P2-C12-TCGACGTC-ACTCTAGG_S132_R1_001,TCTAGAATCGGCAAGACCGTTAATTG,1,TTCCCAAGCGAATTATATTTTTGAGA,1
CLM_clones_1N.P2-D5-TACGCTGC-TCTTACGC_S137_R1_001,,,,
CLM_clones_1N.P2-F6-ATGCGCAG-ATAGCCTT_S162_R1_001,,,TTCCCAAGCGAATTATATTTTTGAGA,1
CLM_clones_1N.P1-B5-GGACTCCT-AGAGGATA_S17_R1_001,CCCCCAACATCGAAAGGGATTAAGCG,1,,
CLM_clones_1N.P1-D12-ATCTCAGG-TATGCAGT_S48_R1_001,,,,
CLM_clones_1N.P1-A9-AAGAGGCA-ATAGAGAG_S9_R1_001,,,,
CLM_clones_1N.P2-H1-ACTCGCTA-TCGCATAA_S181_R1_001,,,,
CLM_clones_1N.P2-E8-ACTGAGCG-CTTAATAG_S152_R1_001,,,,
CLM_clones_1N.P1-F3-AGGCAGAA-AGGCTTAG_S63_R1_001,CAGGTAATTATAAAACTCTTTGATTT,2,,
CLM_clones_1N.P1-F6-TAGGCATG-AGGCTTAG_S66_R1_001,ACGAAAACCTTAAATTCGTTTGTTTT,1,,
CLM_clones_1N.P1-A8-CGAGGCTG-ATAGAGAG_S8_R1_001,,,,
CLM_clones_1N.P2-E4-CGGAGCCT-CTTAATAG_S148_R1_001,TGGCGAAATCTCAAGTAGCTTGTAGG,1,,
CLM_clones_1N.P2-C9-CCTAAGAC-ACTCTAGG_S129_R1_001,,,,
CLM_clones_1N.P2-H3-GCGTAGTA-TCGCATAA_S183_R1_001,,,,
CLM_clones_1N.P2-G8-ACTGAGCG-TAAGGCTC_S176_R1_001,,,,
CLM_clones_1N.P1-A3-AGGCAGAA-ATAGAGAG_S3_R1_001,AGGAAAATGGCTAATTGTCTTAATGG,1,,
CLM_clones_1N.P2-E1-ACTCGCTA-CTTAATAG_S145_R1_001,,,,
CLM_clones_1N.P2-E6-ATGCGCAG-CTTAATAG_S150_R1_001,,,,
CLM_clones_1N.P1-G2-CGTACTAG-ATTAGACG_S74_R1_001,,,,
CLM_clones_1N.P2-F1-ACTCGCTA-ATAGCCTT_S157_R1_001,,,AGCTTAAGCGATTTATCGTTTCATCC,4
CLM_clones_1N.P1-C12-ATCTCAGG-CTCCTTAC_S36_R1_001,,,,
CLM_clones_1N.P2-C6-ATGCGCAG-ACTCTAGG_S126_R1_001,,,TTCCCAAGCGAATTATATTTTTGAGA,2
CLM_clones_1N.P2-D2-GGAGCTAC-TCTTACGC_S134_R1_001,,,TTCCCAAGCGAATTATATTTTTGAGA,1
CLM_clones_1N.P1-C1-TAAGGCGA-CTCCTTAC_S25_R1_001,ATGCAAAATCACAAAACGCTTAAATG,1,,
CLM_clones_1N.P1-G7-CTCTCTAC-ATTAGACG_S79_R1_001,,,,
CLM_clones_1N.P1-D11-GCTCATGA-TATGCAGT_S47_R1_001,,,,
CLM_clones_1N.P2-E9-CCTAAGAC-CTTAATAG_S153_R1_001,,,,
CLM_clones_1N.P1-E12-ATCTCAGG-TACTCCTT_S60_R1_001,,,TAATTAACATCATTTAGTGTTACTGA,1
CLM_clones_1N.P1-C4-TCCTGAGC-CTCCTTAC_S28_R1_001,,,,
CLM_clones_1N.P2-B10-CGATCAGT-AGCTAGAA_S118_R1_001,,,AGCTTAAGCGATTTATCGTTTCATCC,3
CLM_clones_1N.P2-A2-GGAGCTAC-CTAGTCGA_S98_R1_001,,,,
CLM_clones_1N.P1-A12-ATCTCAGG-ATAGAGAG_S12_R1_001,,,AGCTTAAGCGATTTATCGTTTCATCC,2
CLM_clones_1N.P1-G10-GTAGAGGA-ATTAGACG_S82_R1_001,,,,
CLM_clones_1N.P1-F2-CGTACTAG-AGGCTTAG_S62_R1_001,GAATTAACCAGGAAATCGCTTGACAC,4,TTCCCAAGCGAATTATATTTTTGAGA,2
CLM_clones_1N.P2-G3-GCGTAGTA-TAAGGCTC_S171_R1_001,,,,
FLC_R1_clones_1N.P2-B7-GTAGAGAG-TATCCTCT_S115_L008_R1_001,,,,
FLC_R1_clones_1N.P2-C3-TTCTGCCT-GTAAGGAG_S123_L008_R1_001,,,,
FLC_R1_clones_1N.P1-G1-TAGCGAGT-GAGCCTTA_S73_L008_R1_001,,,CCCGAAAAAGTTTTTTATCTTCAATG,2
FLC_R1_clones_1N.P2-G2-CTAGTACG-CGTCTAAT_S170_L008_R1_001,,,AAGCAAATAGAATTGTACGTTTGCCA,1
FLC_R1_clones_1N.P1-C8-CGCTCAGT-CCTAGAGT_S32_L008_R1_001,,,,
FLC_R1_clones_1N.P1-E3-TACTACGC-CTATTAAG_S51_L008_R1_001,,,CGTAAAATATTATTATCACTTGCACG,1
FLC_R1_clones_1N.P1-D3-TACTACGC-GCGTAAGA_S39_L008_R1_001,,,TTTGAAAAGAATTTGTCGTTTTTGTC,1
FLC_R1_clones_1N.P2-H6-CATGCCTA-TCTCTCCG_S186_L008_R1_001,,,,
FLC_R1_clones_1N.P1-B11-TAGCTGCA-TTCTAGCT_S23_L008_R1_001,,,,
FLC_R1_clones_1N.P2-F2-CTAGTACG-CTAAGCCT_S158_L008_R1_001,,,TCCTAAACGGAATTTTTTCTTCACCT,1
FLC_R1_clones_1N.P1-D9-GTCTTAGG-GCGTAAGA_S45_L008_R1_001,,,,
FLC_R1_clones_1N.P1-G8-CGCTCAGT-GAGCCTTA_S80_L008_R1_001,ACAAAAAGATATAACAAGCTTGAAGA,1,,
FLC_R1_clones_1N.P2-C9-TGCCTCTT-GTAAGGAG_S129_L008_R1_001,,,AAGCAAATAGAATTGTACGTTTGCCA,1
FLC_R1_clones_1N.P1-C5-GCAGCGTA-CCTAGAGT_S29_L008_R1_001,,,GTATAAACATTTTTTATACTTATTTA;AGGCAAATAAGTTTGAAATTTAGGTA,1;1
FLC_R1_clones_1N.P1-B5-GCAGCGTA-TTCTAGCT_S17_L008_R1_001,,,,
FLC_R1_clones_1N.P1-F10-ACTGATCG-AAGGCTAT_S70_L008_R1_001,,,,
FLC_R1_clones_1N.P2-D8-CAGCCTCG-ACTGCATA_S140_L008_R1_001,CTCGCAAGTGCAAATCTGTTTTAGTT,1,TCCTAAACGGAATTTTTTCTTCACCT,1
FLC_R1_clones_1N.P2-G4-GCTCAGGA-CGTCTAAT_S172_L008_R1_001,,,AAGCAAATAGAATTGTACGTTTGCCA,1
FLC_R1_clones_1N.P2-B4-GCTCAGGA-TATCCTCT_S112_L008_R1_001,,,,
FLC_R1_clones_1N.P2-F6-CATGCCTA-CTAAGCCT_S162_L008_R1_001,,,,
FLC_R1_clones_1N.P1-C11-TAGCTGCA-CCTAGAGT_S35_L008_R1_001,,,GTGTCAATCGATTTTTTTGTTATGTA,1
FLC_R1_clones_1N.P2-G8-CAGCCTCG-CGTCTAAT_S176_L008_R1_001,,,CACATAACATGCTTTTTAATTTGTCG;CCCGAAAAAGTTTTTTATCTTCAATG,1;1
FLC_R1_clones_1N.P2-D10-TCCTCTAC-ACTGCATA_S142_L008_R1_001,,,TTTGAAAAGAATTTGTCGTTTTTGTC,1
FLC_R1_clones_1N.P2-F9-TGCCTCTT-CTAAGCCT_S165_L008_R1_001,,,,
FLC_R1_clones_1N.P1-H12-GACGTCGA-TTATGCGA_S96_L008_R1_001,,,,
FLC_R1_clones_1N.P2-C11-TCATGAGC-GTAAGGAG_S131_L008_R1_001,,,,
FLC_R1_clones_1N.P1-E10-ACTGATCG-CTATTAAG_S58_L008_R1_001,,,GTGTCAATCGATTTTTTTGTTATGTA,1
FLC_R1_clones_1N.P2-A6-CATGCCTA-CTCTCTAT_S102_L008_R1_001,,,,
FLC_R1_clones_1N.P1-B3-TACTACGC-TTCTAGCT_S15_L008_R1_001,,,,
FLC_R1_clones_1N.P1-C7-GAGCGCTA-CCTAGAGT_S31_L008_R1_001,,,,
FLC_R1_clones_1N.P1-D1-TAGCGAGT-GCGTAAGA_S37_L008_R1_001,ACAAAAAGATATAACAAGCTTGAAGA,2,,
FLC_R1_clones_1N.P2-H8-CAGCCTCG-TCTCTCCG_S188_L008_R1_001,CGCATAAGCTACAAAGTACTTCGGTA,1,,
FLC_R1_clones_1N.P1-B10-ACTGATCG-TTCTAGCT_S22_L008_R1_001,,,,
FLC_R1_clones_1N.P1-D8-CGCTCAGT-GCGTAAGA_S44_L008_R1_001,,,,
FLC_R1_clones_1N.P1-E1-TAGCGAGT-CTATTAAG_S49_L008_R1_001,,,TCCTAAACGGAATTTTTTCTTCACCT,1
FLC_R1_clones_1N.P2-A3-TTCTGCCT-CTCTCTAT_S99_L008_R1_001,,,,
FLC_R1_clones_1N.P1-F12-GACGTCGA-AAGGCTAT_S72_L008_R1_001,CTCGCAAGTGCAAATCTGTTTTAGTT,1,,
FLC_R1_clones_1N.P1-G10-ACTGATCG-GAGCCTTA_S82_L008_R1_001,,,,
FLC_R1_clones_1N.P1-F5-GCAGCGTA-AAGGCTAT_S65_L008_R1_001,,,,
FLC_R1_clones_1N.P2-C4-GCTCAGGA-GTAAGGAG_S124_L008_R1_001,CTGGCAATTCATAACAACGTTATTGG,1,TCCTAAACGGAATTTTTTCTTCACCT,2
FLC_R1_clones_1N.P2-H3-TTCTGCCT-TCTCTCCG_S183_L008_R1_001,ACAAAAAGATATAACAAGCTTGAAGA,1,,
FLC_R1_clones_1N.P2-B11-TCATGAGC-TATCCTCT_S119_L008_R1_001,,,,
FLC_R1_clones_1N.P1-B2-GTAGCTCC-TTCTAGCT_S14_L008_R1_001,,,,
FLC_R1_clones_1N.P2-B5-AGGAGTCC-TATCCTCT_S113_L008_R1_001,,,,
FLC_R1_clones_1N.P1-H7-GAGCGCTA-TTATGCGA_S91_L008_R1_001,,,,
FLC_R1_clones_1N.P2-D5-AGGAGTCC-ACTGCATA_S137_L008_R1_001,,,TTTGAAAAGAATTTGTCGTTTTTGTC,1
FLC_R1_clones_1N.P1-D4-AGGCTCCG-GCGTAAGA_S40_L008_R1_001,GTACGAATCAGGAATTTGATTGCAAA,2,TCCTAAACGGAATTTTTTCTTCACCT;GTGTCAATCGATTTTTTTGTTATGTA,1;1
FLC_R1_clones_1N.P1-D10-ACTGATCG-GCGTAAGA_S46_L008_R1_001,CACTAAATACGGAATCTTCTTATAGA,2,TTTTGAACCTTATTTGGCCTTGGGAG,1
FLC_R1_clones_1N.P2-A11-TCATGAGC-CTCTCTAT_S107_L008_R1_001,TATTAAACAGTAAAGGCACTTCAAAG,1,,
FLC_R1_clones_1N.P1-D5-GCAGCGTA-GCGTAAGA_S41_L008_R1_001,,,,
FLC_R1_clones_1N.P2-A4-GCTCAGGA-CTCTCTAT_S100_L008_R1_001,,,TTTGAAAAGAATTTGTCGTTTTTGTC,1
FLC_R1_clones_1N.P2-H7-GTAGAGAG-TCTCTCCG_S187_L008_R1_001,,,,
FLC_R1_clones_1N.P1-G11-TAGCTGCA-GAGCCTTA_S83_L008_R1_001,ACAAAAAGATATAACAAGCTTGAAGA,2,,
FLC_R1_clones_1N.P1-C9-GTCTTAGG-CCTAGAGT_S33_L008_R1_001,,,TTTGAAAAGAATTTGTCGTTTTTGTC,2
FLC_R1_clones_1N.P2-B12-CCTGAGAT-TATCCTCT_S120_L008_R1_001,,,,
FLC_R1_clones_1N.P2-C1-TCGCCTTA-GTAAGGAG_S121_L008_R1_001,,,CCCGAAAAAGTTTTTTATCTTCAATG,1
FLC_R1_clones_1N.P1-B6-CTGCGCAT-TTCTAGCT_S18_L008_R1_001,,,,
FLC_R1_clones_1N.P2-E5-AGGAGTCC-AAGGAGTA_S149_L008_R1_001,,,,
FLC_R1_clones_1N.P2-G6-CATGCCTA-CGTCTAAT_S174_L008_R1_001,,,,
FLC_R1_clones_1N.P1-G12-GACGTCGA-GAGCCTTA_S84_L008_R1_001,,,,
FLC_R1_clones_1N.P1-F2-GTAGCTCC-AAGGCTAT_S62_L008_R1_001,,,TTTGAAAAGAATTTGTCGTTTTTGTC;GTCCGAACGCAGTTTCGTGTTAGGGT,1;1
FLC_R1_clones_1N.P1-E6-CTGCGCAT-CTATTAAG_S54_L008_R1_001,,,,
FLC_R1_clones_1N.P1-B1-TAGCGAGT-TTCTAGCT_S13_L008_R1_001,,,,
FLC_R1_clones_1N.P2-E9-TGCCTCTT-AAGGAGTA_S153_L008_R1_001,ATGGTAAGCCAAAATTTGGTTTTCGA,2,TCCTAAACGGAATTTTTTCTTCACCT,1
FLC_R1_clones_1N.P1-H3-TACTACGC-TTATGCGA_S87_L008_R1_001,,,,
FLC_R1_clones_1N.P2-F3-TTCTGCCT-CTAAGCCT_S159_L008_R1_001,,,,
FLC_R1_clones_1N.P1-B4-AGGCTCCG-TTCTAGCT_S16_L008_R1_001,,,,
FLC_R1_clones_1N.P2-F4-GCTCAGGA-CTAAGCCT_S160_L008_R1_001,,,,
FLC_R1_clones_1N.P1-B12-GACGTCGA-TTCTAGCT_S24_L008_R1_001,,,,
FLC_R1_clones_1N.P2-F7-GTAGAGAG-CTAAGCCT_S163_L008_R1_001,,,TCCTAAACGGAATTTTTTCTTCACCT,2
FLC_R1_clones_1N.P2-G1-TCGCCTTA-CGTCTAAT_S169_L008_R1_001,,,,
FLC_R1_clones_1N.P1-G4-AGGCTCCG-GAGCCTTA_S76_L008_R1_001,,,TTTGAAAAGAATTTGTCGTTTTTGTC;GTCCGAACGCAGTTTCGTGTTAGGGT,1;1
FLC_R1_clones_1N.P2-H1-TCGCCTTA-TCTCTCCG_S181_L008_R1_001,,,,
FLC_R1_clones_1N.P1-B8-CGCTCAGT-TTCTAGCT_S20_L008_R1_001,,,,
FLC_R1_clones_1N.P2-A7-GTAGAGAG-CTCTCTAT_S103_L008_R1_001,TTAATAATACGAAAGCTCTTTGCCGG,1,,
FLC_R1_clones_1N.P2-A10-TCCTCTAC-CTCTCTAT_S106_L008_R1_001,,,,
FLC_R1_clones_1N.P2-D2-CTAGTACG-ACTGCATA_S134_L008_R1_001,,,,
FLC_R1_clones_1N.P2-E1-TCGCCTTA-AAGGAGTA_S145_L008_R1_001,,,,
FLC_R1_clones_1N.P1-H6-CTGCGCAT-TTATGCGA_S90_L008_R1_001,,,,
FLC_R1_clones_1N.P1-H1-TAGCGAGT-TTATGCGA_S85_L008_R1_001,,,,
FLC_R1_clones_1N.P2-A1-TCGCCTTA-CTCTCTAT_S97_L008_R1_001,TGATAAATAGGGAATGTGATTACTGT,1,,
FLC_R1_clones_1N.P1-C3-TACTACGC-CCTAGAGT_S27_L008_R1_001,,,,
FLC_R1_clones_1N.P2-B9-TGCCTCTT-TATCCTCT_S117_L008_R1_001,ACAAAAAGATATAACAAGCTTGAAGA,2,,
FLC_R1_clones_1N.P2-D1-TCGCCTTA-ACTGCATA_S133_L008_R1_001,,,,
FLC_R1_clones_1N.P1-D6-CTGCGCAT-GCGTAAGA_S42_L008_R1_001,,,,
FLC_R1_clones_1N.P1-E11-TAGCTGCA-CTATTAAG_S59_L008_R1_001,,,,
FLC_R1_clones_1N.P1-F8-CGCTCAGT-AAGGCTAT_S68_L008_R1_001,,,TTTGAAAAGAATTTGTCGTTTTTGTC,2
FLC_R1_clones_1N.P2-B3-TTCTGCCT-TATCCTCT_S111_L008_R1_001,,,,
FLC_R1_clones_1N.P2-B1-TCGCCTTA-TATCCTCT_S109_L008_R1_001,,,,
FLC_R1_clones_1N.P1-G5-GCAGCGTA-GAGCCTTA_S77_L008_R1_001,,,,
FLC_R1_clones_1N.P1-H9-GTCTTAGG-TTATGCGA_S93_L008_R1_001,,,,
FLC_R1_clones_1N.P2-E3-TTCTGCCT-AAGGAGTA_S147_L008_R1_001,,,,
FLC_R1_clones_1N.P1-C12-GACGTCGA-CCTAGAGT_S36_L008_R1_001,,,GTGTCAATCGATTTTTTTGTTATGTA,1
FLC_R1_clones_1N.P1-H5-GCAGCGTA-TTATGCGA_S89_L008_R1_001,,,,
FLC_R1_clones_1N.P1-E8-CGCTCAGT-CTATTAAG_S56_L008_R1_001,AGTTAAACGTAAAATATAATTTCGAA,4,,
FLC_R1_clones_1N.P2-F5-AGGAGTCC-CTAAGCCT_S161_L008_R1_001,,,TCATTAAATAAATTGGTCATTTCTAA,2
FLC_R1_clones_1N.P2-B2-CTAGTACG-TATCCTCT_S110_L008_R1_001,ACAAAAAGATATAACAAGCTTGAAGA,2,,
FLC_R1_clones_1N.P2-A8-CAGCCTCG-CTCTCTAT_S104_L008_R1_001,,,CCCGAAAAAGTTTTTTATCTTCAATG,1
FLC_R1_clones_1N.P2-B6-CATGCCTA-TATCCTCT_S114_L008_R1_001,,,,
FLC_R1_clones_1N.P1-E5-GCAGCGTA-CTATTAAG_S53_L008_R1_001,,,,
FLC_R1_clones_1N.P2-D3-TTCTGCCT-ACTGCATA_S135_L008_R1_001,,,TTTGAAAAGAATTTGTCGTTTTTGTC,1
FLC_R1_clones_1N.P2-E2-CTAGTACG-AAGGAGTA_S146_L008_R1_001,,,,
FLC_R1_clones_1N.P1-F4-AGGCTCCG-AAGGCTAT_S64_L008_R1_001,GGCTAAAAAGCAAAAATGTTTAGCAT,1,TTTGAAAAGAATTTGTCGTTTTTGTC,1
FLC_R1_clones_1N.P1-F7-GAGCGCTA-AAGGCTAT_S67_L008_R1_001,,,,
FLC_R1_clones_1N.P2-G5-AGGAGTCC-CGTCTAAT_S173_L008_R1_001,,,TTTGAAAAGAATTTGTCGTTTTTGTC,2
FLC_R1_clones_1N.P2-E4-GCTCAGGA-AAGGAGTA_S148_L008_R1_001,,,,
FLC_R1_clones_1N.P2-C5-AGGAGTCC-GTAAGGAG_S125_L008_R1_001,,,TCCTAAACGGAATTTTTTCTTCACCT,1
FLC_R1_clones_1N.P1-H11-TAGCTGCA-TTATGCGA_S95_L008_R1_001,,,,
FLC_R1_clones_1N.P1-G7-GAGCGCTA-GAGCCTTA_S79_L008_R1_001,ACAAAAAGATATAACAAGCTTGAAGA,2,,
FLC_R1_clones_1N.P1-E4-AGGCTCCG-CTATTAAG_S52_L008_R1_001,,,,
FLC_R1_clones_1N.P2-D9-TGCCTCTT-ACTGCATA_S141_L008_R1_001,CTGAGAAGATTAAACACCTTTAGGAT,1,,
FLC_R1_clones_1N.P1-F6-CTGCGCAT-AAGGCTAT_S66_L008_R1_001,,,,
FLC_R1_clones_1N.P1-E12-GACGTCGA-CTATTAAG_S60_L008_R1_001,,,,
FLC_R1_clones_1N.P1-B7-GAGCGCTA-TTCTAGCT_S19_L008_R1_001,,,,
FLC_R1_clones_1N.P2-H5-AGGAGTCC-TCTCTCCG_S185_L008_R1_001,,,,
FLC_R1_clones_1N.P2-F8-CAGCCTCG-CTAAGCCT_S164_L008_R1_001,,,CCCGAAAAAGTTTTTTATCTTCAATG,1
FLC_R1_clones_1N.P2-D7-GTAGAGAG-ACTGCATA_S139_L008_R1_001,,,,
FLC_R1_clones_1N.P1-F3-TACTACGC-AAGGCTAT_S63_L008_R1_001,TATGAAATTGCTAATCTCTTTTATTG,1,CGGTTAATGGCTTTCTTCTTTGCTTG,1
FLC_R1_clones_1N.P1-E7-GAGCGCTA-CTATTAAG_S55_L008_R1_001,ACAAAAAGATATAACAAGCTTGAAGA,1,,
FLC_R1_clones_1N.P1-B9-GTCTTAGG-TTCTAGCT_S21_L008_R1_001,,,,
FLC_R1_clones_1N.P2-C6-CATGCCTA-GTAAGGAG_S126_L008_R1_001,,,,
FLC_R1_clones_1N.P1-D12-GACGTCGA-GCGTAAGA_S48_L008_R1_001,GGGTCAAACATGAACAGGTTTGACAC,1,,
FLC_R1_clones_1N.P2-A9-TGCCTCTT-CTCTCTAT_S105_L008_R1_001,CTATCAAAATTTAATCTTATTCTACT,1,,
FLC_R1_clones_1N.P2-G9-TGCCTCTT-CGTCTAAT_S177_L008_R1_001,GCCGGAATCGGCAAGTCATTTCCCCG,2,,
FLC_R1_clones_1N.P2-B8-CAGCCTCG-TATCCTCT_S116_L008_R1_001,TCCGTAATCATGAAATATATTAAGGT,2,,
FLC_R1_clones_1N.P1-C2-GTAGCTCC-CCTAGAGT_S26_L008_R1_001,ACAAAAAGATATAACAAGCTTGAAGA,2,CGTAAAATATTATTATCACTTGCACG,1
FLC_R1_clones_1N.P1-H4-AGGCTCCG-TTATGCGA_S88_L008_R1_001,,,CGTAAAATATTATTATCACTTGCACG,1
FLC_R1_clones_1N.P2-D4-GCTCAGGA-ACTGCATA_S136_L008_R1_001,,,,
FLC_R1_clones_1N.P1-H2-GTAGCTCC-TTATGCGA_S86_L008_R1_001,,,,
FLC_R1_clones_1N.P2-A5-AGGAGTCC-CTCTCTAT_S101_L008_R1_001,ACAAAAAGATATAACAAGCTTGAAGA,1,,
FLC_R1_clones_1N.P1-H8-CGCTCAGT-TTATGCGA_S92_L008_R1_001,,,,
FLC_R1_clones_1N.P1-H10-ACTGATCG-TTATGCGA_S94_L008_R1_001,CTCGCAAGTGCAAATCTGTTTTAGTT,1,,
FLC_R1_clones_1N.P2-C10-TCCTCTAC-GTAAGGAG_S130_L008_R1_001,,,TCCTAAACGGAATTTTTTCTTCACCT,1
FLC_R1_clones_1N.P1-G6-CTGCGCAT-GAGCCTTA_S78_L008_R1_001,,,TCCTAAACGGAATTTTTTCTTCACCT,1
FLC_R1_clones_1N.P2-F1-TCGCCTTA-CTAAGCCT_S157_L008_R1_001,,,TCCTAAACGGAATTTTTTCTTCACCT;CACATAACATGCTTTTTAATTTGTCG,1;1
FLC_R1_clones_1N.P1-G9-GTCTTAGG-GAGCCTTA_S81_L008_R1_001,ACTAGAACACGTAAAGCCTTTAGAGT,1,,
FLC_R1_clones_1N.P2-G3-TTCTGCCT-CGTCTAAT_S171_L008_R1_001,,,,
FLC_R1_clones_1N.P1-C1-TAGCGAGT-CCTAGAGT_S25_L008_R1_001,,,CCCGAAAAAGTTTTTTATCTTCAATG,1
FLC_R1_clones_1N.P2-C12-CCTGAGAT-GTAAGGAG_S132_L008_R1_001,,,,
FLC_R1_clones_1N.P2-H9-TGCCTCTT-TCTCTCCG_S189_L008_R1_001,,,,
FLC_R1_clones_1N.P1-C4-AGGCTCCG-CCTAGAGT_S28_L008_R1_001,,,,
FLC_R1_clones_1N.P2-C8-CAGCCTCG-GTAAGGAG_S128_L008_R1_001,,,,
FLC_R1_clones_1N.P2-A2-CTAGTACG-CTCTCTAT_S98_L008_R1_001,,,,
FLC_R1_clones_1N.P1-G2-GTAGCTCC-GAGCCTTA_S74_L008_R1_001,,,TTTGAAAAGAATTTGTCGTTTTTGTC,1
FLC_R1_clones_1N.P1-F9-GTCTTAGG-AAGGCTAT_S69_L008_R1_001,,,TACCCAACGAAATTGTGTTTTTTTGA,1
FLC_R1_clones_1N.P1-G3-TACTACGC-GAGCCTTA_S75_L008_R1_001,,,,
FLC_R1_clones_1N.P1-F1-TAGCGAGT-AAGGCTAT_S61_L008_R1_001,CATGCAAATGTAAACAACGTTGAACT,1,TTTGAAAAGAATTTGTCGTTTTTGTC,1
FLC_R1_clones_1N.P1-E2-GTAGCTCC-CTATTAAG_S50_L008_R1_001,TATTAAACAGTAAAGGCACTTCAAAG,3,GTGTCAATCGATTTTTTTGTTATGTA,1
FLC_R1_clones_1N.P1-C10-ACTGATCG-CCTAGAGT_S34_L008_R1_001,,,TTTGAAAAGAATTTGTCGTTTTTGTC;GTGTCAATCGATTTTTTTGTTATGTA,1;1
FLC_R1_clones_1N.P2-A12-CCTGAGAT-CTCTCTAT_S108_L008_R1_001,,,,
FLC_R1_clones_1N.P2-G7-GTAGAGAG-CGTCTAAT_S175_L008_R1_001,TATTAAACAGTAAAGGCACTTCAAAG,1,TTTCTAATAGCCTTAAGTCTTGTTCA;GTGTCAATCGATTTTTTTGTTATGTA,1;1
FLC_R1_clones_1N.P2-E7-GTAGAGAG-AAGGAGTA_S151_L008_R1_001,ACAAAAAGATATAACAAGCTTGAAGA,2,,
FLC_R1_clones_1N.P1-D11-TAGCTGCA-GCGTAAGA_S47_L008_R1_001,TTACAAAACTTGAAGATATTTGTCAG,1,TTATCAAACTTGTTTTTCGTTCCATG,1
FLC_R1_clones_1N.P2-B10-TCCTCTAC-TATCCTCT_S118_L008_R1_001,CATAGAACGGTGAAAGAGTTTTGAGG,1,CGTAAAATATTATTATCACTTGCACG,1
FLC_R1_clones_1N.P1-E9-GTCTTAGG-CTATTAAG_S57_L008_R1_001,,,,
FLC_R1_clones_1N.P2-C2-CTAGTACG-GTAAGGAG_S122_L008_R1_001,,,,
FLC_R1_clones_1N.P2-E8-CAGCCTCG-AAGGAGTA_S152_L008_R1_001,,,,
FLC_R1_clones_1N.P1-C6-CTGCGCAT-CCTAGAGT_S30_L008_R1_001,,,TACCCAACGAAATTGTGTTTTTTTGA,1
FLC_R1_clones_1N.P1-F11-TAGCTGCA-AAGGCTAT_S71_L008_R1_001,,,TCCTAAACGGAATTTTTTCTTCACCT;CACTTAACTTGGTTAACGTTTGCCAG,1;1
FLC_R1_clones_1N.P2-H2-CTAGTACG-TCTCTCCG_S182_L008_R1_001,,,GTATAAACATTTTTTATACTTATTTA,1
FLC_R1_clones_1N.P1-D7-GAGCGCTA-GCGTAAGA_S43_L008_R1_001,ACAAAAAGATATAACAAGCTTGAAGA,1,,
FLC_R1_clones_1N.P2-C7-GTAGAGAG-GTAAGGAG_S127_L008_R1_001,,,,
FLC_R1_clones_1N.P2-H4-GCTCAGGA-TCTCTCCG_S184_L008_R1_001,,,CACTTAACTTGGTTAACGTTTGCCAG,1
FLC_R1_clones_1N.P1-D2-GTAGCTCC-GCGTAAGA_S38_L008_R1_001,,,,
FLC_R1_clones_1N.P2-D6-CATGCCTA-ACTGCATA_S138_L008_R1_001,,,,
FLC_R1_clones_1N.P2-E6-CATGCCTA-AAGGAGTA_S150_L008_R1_001,,,TACCCAACGAAATTGTGTTTTTTTGA,1
FLC_R2_clones_1N.P1-E5-AGGAGTCC-AAGGAGTA_S53_L004_R1_001,,,,
FLC_R2_clones_1N.P2-B8-CAGCCTCG-TATCCTCT_S20_L005_R1_001,,,,
FLC_R2_clones_1N.P2-B4-GCTCAGGA-TATCCTCT_S16_L005_R1_001,,,,
FLC_R2_clones_1N.P2-F12-CCTGAGAT-CTAAGCCT_S72_L005_R1_001,,,,
FLC_R2_clones_1N.P1-E8-CAGCCTCG-AAGGAGTA_S56_L004_R1_001,,,,
FLC_R2_clones_1N.P1-B7-GTAGAGAG-TATCCTCT_S19_L004_R1_001,,,,
FLC_R2_clones_1N.P1-H12-CCTGAGAT-TCTCTCCG_S96_L004_R1_001,,,TTTGAAAAGAATTTGTCGTTTTTGTC,1
FLC_R2_clones_1N.P1-B4-GCTCAGGA-TATCCTCT_S16_L004_R1_001,,,,
FLC_R2_clones_1N.P2-A5-AGGAGTCC-CTCTCTAT_S5_L005_R1_001,,,,
FLC_R2_clones_1N.P2-C1-TCGCCTTA-GTAAGGAG_S25_L005_R1_001,,,,
FLC_R2_clones_1N.P2-G6-CATGCCTA-CGTCTAAT_S78_L005_R1_001,,,,
FLC_R2_clones_1N.P1-D9-TGCCTCTT-ACTGCATA_S45_L004_R1_001,ACAAAAAGATATAACAAGCTTGAAGA,1,,
FLC_R2_clones_1N.P1-D7-GTAGAGAG-ACTGCATA_S43_L004_R1_001,,,,
FLC_R2_clones_1N.P2-G10-TCCTCTAC-CGTCTAAT_S82_L005_R1_001,,,TTTGAAAAGAATTTGTCGTTTTTGTC,2
FLC_R2_clones_1N.P2-G5-AGGAGTCC-CGTCTAAT_S77_L005_R1_001,,,,
FLC_R2_clones_1N.P2-A2-CTAGTACG-CTCTCTAT_S2_L005_R1_001,CCGTGCAAGATCGAAGAAGGTTCAGAC,1,,
FLC_R2_clones_1N.P2-B10-TCCTCTAC-TATCCTCT_S22_L005_R1_001,,,,
FLC_R2_clones_1N.P2-E3-TTCTGCCT-AAGGAGTA_S51_L005_R1_001,,,,
FLC_R2_clones_1N.P2-E4-GCTCAGGA-AAGGAGTA_S52_L005_R1_001,ACTTCAACATTTAACCACGTTAGTGC,1,,
FLC_R2_clones_1N.P1-G1-TCGCCTTA-CGTCTAAT_S73_L004_R1_001,,,,
FLC_R2_clones_1N.P2-H12-CCTGAGAT-TCTCTCCG_S96_L005_R1_001,,,,
FLC_R2_clones_1N.P1-C2-CTAGTACG-GTAAGGAG_S26_L004_R1_001,,,,
FLC_R2_clones_1N.P1-D8-CAGCCTCG-ACTGCATA_S44_L004_R1_001,,,,
FLC_R2_clones_1N.P1-D11-TCATGAGC-ACTGCATA_S47_L004_R1_001,,,,
FLC_R2_clones_1N.P2-F5-AGGAGTCC-CTAAGCCT_S65_L005_R1_001,,,,
FLC_R2_clones_1N.P2-B12-CCTGAGAT-TATCCTCT_S24_L005_R1_001,TTATGAATTCGGAAAACTGTTCTTGA,1,TCCTAAACGGAATTTTTTCTTCACCT,1
FLC_R2_clones_1N.P1-G7-GTAGAGAG-CGTCTAAT_S79_L004_R1_001,,,,
FLC_R2_clones_1N.P2-A8-CAGCCTCG-CTCTCTAT_S8_L005_R1_001,,,,
FLC_R2_clones_1N.P2-H4-GCTCAGGA-TCTCTCCG_S88_L005_R1_001,,,,
FLC_R2_clones_1N.P1-H4-GCTCAGGA-TCTCTCCG_S88_L004_R1_001,,,,
FLC_R2_clones_1N.P1-H5-AGGAGTCC-TCTCTCCG_S89_L004_R1_001,,,,
FLC_R2_clones_1N.P2-G3-TTCTGCCT-CGTCTAAT_S75_L005_R1_001,,,,
FLC_R2_clones_1N.P1-C8-CAGCCTCG-GTAAGGAG_S32_L004_R1_001,,,TTTGAAAAGAATTTGTCGTTTTTGTC,1
FLC_R2_clones_1N.P2-F11-TCATGAGC-CTAAGCCT_S71_L005_R1_001,,,,
FLC_R2_clones_1N.P2-B3-TTCTGCCT-TATCCTCT_S15_L005_R1_001,,,,
FLC_R2_clones_1N.P1-H8-CAGCCTCG-TCTCTCCG_S92_L004_R1_001,CATGCAAATGTAAACAACGTTGAACT,1,,
FLC_R2_clones_1N.P1-D6-CATGCCTA-ACTGCATA_S42_L004_R1_001,ACCTGAAGCCGTAACCCGGTTTCGTG,2,,
FLC_R2_clones_1N.P2-H5-AGGAGTCC-TCTCTCCG_S89_L005_R1_001,,,,
FLC_R2_clones_1N.P1-E7-GTAGAGAG-AAGGAGTA_S55_L004_R1_001,,,,
FLC_R2_clones_1N.P1-D3-TTCTGCCT-ACTGCATA_S39_L004_R1_001,,,,
FLC_R2_clones_1N.P1-H2-CTAGTACG-TCTCTCCG_S86_L004_R1_001,,,TCCTAAACGGAATTTTTTCTTCACCT,1
FLC_R2_clones_1N.P1-F12-CCTGAGAT-CTAAGCCT_S72_L004_R1_001,TCAGAAAGTGGAAAGGAGCTTTAGAA,1,TCCTAAACGGAATTTTTTCTTCACCT,1
FLC_R2_clones_1N.P1-D1-TCGCCTTA-ACTGCATA_S37_L004_R1_001,,,,
FLC_R2_clones_1N.P2-G2-CTAGTACG-CGTCTAAT_S74_L005_R1_001,AACGTAAGTTTTAACCTTGTTGTAGA,1,,
FLC_R2_clones_1N.P1-G8-CAGCCTCG-CGTCTAAT_S80_L004_R1_001,,,,
FLC_R2_clones_1N.P2-B5-AGGAGTCC-TATCCTCT_S17_L005_R1_001,,,,
FLC_R2_clones_1N.P1-F5-AGGAGTCC-CTAAGCCT_S65_L004_R1_001,,,,
FLC_R2_clones_1N.P2-E9-TGCCTCTT-AAGGAGTA_S57_L005_R1_001,,,,
FLC_R2_clones_1N.P2-C9-TGCCTCTT-GTAAGGAG_S33_L005_R1_001,,,,
FLC_R2_clones_1N.P1-A11-TCATGAGC-CTCTCTAT_S11_L004_R1_001,,,,
FLC_R2_clones_1N.P1-G3-TTCTGCCT-CGTCTAAT_S75_L004_R1_001,,,,
FLC_R2_clones_1N.P2-D12-CCTGAGAT-ACTGCATA_S48_L005_R1_001,,,,
FLC_R2_clones_1N.P2-F3-TTCTGCCT-CTAAGCCT_S63_L005_R1_001,,,,
FLC_R2_clones_1N.P1-B1-TCGCCTTA-TATCCTCT_S13_L004_R1_001,,,,
FLC_R2_clones_1N.P1-A4-GCTCAGGA-CTCTCTAT_S4_L004_R1_001,,,,
FLC_R2_clones_1N.P2-H3-TTCTGCCT-TCTCTCCG_S87_L005_R1_001,,,,
FLC_R2_clones_1N.P2-B7-GTAGAGAG-TATCCTCT_S19_L005_R1_001,,,,
FLC_R2_clones_1N.P2-D6-CATGCCTA-ACTGCATA_S42_L005_R1_001,,,,
FLC_R2_clones_1N.P1-D4-GCTCAGGA-ACTGCATA_S40_L004_R1_001,,,TCCTAAACGGAATTTTTTCTTCACCT,1
FLC_R2_clones_1N.P1-A1-TCGCCTTA-CTCTCTAT_S1_L004_R1_001,,,,
FLC_R2_clones_1N.P2-A1-TCGCCTTA-CTCTCTAT_S1_L005_R1_001,AATAGAACATGGAAATAACTTATTTT,1,,
FLC_R2_clones_1N.P1-C3-TTCTGCCT-GTAAGGAG_S27_L004_R1_001,,,,
FLC_R2_clones_1N.P2-F4-GCTCAGGA-CTAAGCCT_S64_L005_R1_001,,,,
FLC_R2_clones_1N.P2-D9-TGCCTCTT-ACTGCATA_S45_L005_R1_001,,,,
FLC_R2_clones_1N.P1-H9-TGCCTCTT-TCTCTCCG_S93_L004_R1_001,,,,
FLC_R2_clones_1N.P1-F3-TTCTGCCT-CTAAGCCT_S63_L004_R1_001,,,,
FLC_R2_clones_1N.P2-C2-CTAGTACG-GTAAGGAG_S26_L005_R1_001,,,,
FLC_R2_clones_1N.P2-A4-GCTCAGGA-CTCTCTAT_S4_L005_R1_001,,,,
FLC_R2_clones_1N.P1-F11-TCATGAGC-CTAAGCCT_S71_L004_R1_001,,,,
FLC_R2_clones_1N.P1-C11-TCATGAGC-GTAAGGAG_S35_L004_R1_001,,,,
FLC_R2_clones_1N.P1-E11-TCATGAGC-AAGGAGTA_S59_L004_R1_001,,,,
FLC_R2_clones_1N.P2-G1-TCGCCTTA-CGTCTAAT_S73_L005_R1_001,,,,
FLC_R2_clones_1N.P1-F8-CAGCCTCG-CTAAGCCT_S68_L004_R1_001,GAAAAAAAACTCAAATAAATTTTATT,1,,
FLC_R2_clones_1N.P1-E12-CCTGAGAT-AAGGAGTA_S60_L004_R1_001,,,TTTGAAAAGAATTTGTCGTTTTTGTC,3
FLC_R2_clones_1N.P2-B6-CATGCCTA-TATCCTCT_S18_L005_R1_001,,,,
FLC_R2_clones_1N.P1-E6-CATGCCTA-AAGGAGTA_S54_L004_R1_001,,,,
FLC_R2_clones_1N.P2-E12-CCTGAGAT-AAGGAGTA_S60_L005_R1_001,,,,
FLC_R2_clones_1N.P1-G2-CTAGTACG-CGTCTAAT_S74_L004_R1_001,,,,
FLC_R2_clones_1N.P2-E8-CAGCCTCG-AAGGAGTA_S56_L005_R1_001,,,,
FLC_R2_clones_1N.P2-F7-GTAGAGAG-CTAAGCCT_S67_L005_R1_001,,,,
FLC_R2_clones_1N.P2-E10-TCCTCTAC-AAGGAGTA_S58_L005_R1_001,,,,
FLC_R2_clones_1N.P1-D2-CTAGTACG-ACTGCATA_S38_L004_R1_001,,,,
FLC_R2_clones_1N.P2-H7-GTAGAGAG-TCTCTCCG_S91_L005_R1_001,TCAACAATTAGCAACGCCCTTCATTA,2,,
FLC_R2_clones_1N.P1-C10-TCCTCTAC-GTAAGGAG_S34_L004_R1_001,,,,
FLC_R2_clones_1N.P1-F9-TGCCTCTT-CTAAGCCT_S69_L004_R1_001,,,TCCTAAACGGAATTTTTTCTTCACCT,1
FLC_R2_clones_1N.P2-E5-AGGAGTCC-AAGGAGTA_S53_L005_R1_001,CGGCTAAACCTCAATTCGATTCTGTG,2,,
FLC_R2_clones_1N.P2-D1-TCGCCTTA-ACTGCATA_S37_L005_R1_001,,,TTTGAAAAGAATTTGTCGTTTTTGTC,1
FLC_R2_clones_1N.P1-B5-AGGAGTCC-TATCCTCT_S17_L004_R1_001,,,,
FLC_R2_clones_1N.P1-E1-TCGCCTTA-AAGGAGTA_S49_L004_R1_001,,,,
FLC_R2_clones_1N.P1-B2-CTAGTACG-TATCCTCT_S14_L004_R1_001,,,,
FLC_R2_clones_1N.P2-F2-CTAGTACG-CTAAGCCT_S62_L005_R1_001,,,,
FLC_R2_clones_1N.P2-H6-CATGCCTA-TCTCTCCG_S90_L005_R1_001,,,,
FLC_R2_clones_1N.P1-E10-TCCTCTAC-AAGGAGTA_S58_L004_R1_001,,,TCCTAAACGGAATTTTTTCTTCACCT,1
FLC_R2_clones_1N.P2-F6-CATGCCTA-CTAAGCCT_S66_L005_R1_001,,,,
FLC_R2_clones_1N.P2-A6-CATGCCTA-CTCTCTAT_S6_L005_R1_001,,,TTTGAAAAGAATTTGTCGTTTTTGTC,1
FLC_R2_clones_1N.P1-C6-CATGCCTA-GTAAGGAG_S30_L004_R1_001,,,,
FLC_R2_clones_1N.P1-A2-CTAGTACG-CTCTCTAT_S2_L004_R1_001,,,,
FLC_R2_clones_1N.P1-F7-GTAGAGAG-CTAAGCCT_S67_L004_R1_001,,,,
FLC_R2_clones_1N.P1-C1-TCGCCTTA-GTAAGGAG_S25_L004_R1_001,,,TCCTAAACGGAATTTTTTCTTCACCT,1
FLC_R2_clones_1N.P1-F2-CTAGTACG-CTAAGCCT_S62_L004_R1_001,,,,
FLC_R2_clones_1N.P2-A3-TTCTGCCT-CTCTCTAT_S3_L005_R1_001,ACAGGAATGACCAATTATCTTTAACT,2,,
FLC_R2_clones_1N.P2-H2-CTAGTACG-TCTCTCCG_S86_L005_R1_001,,,,
FLC_R2_clones_1N.P1-F10-TCCTCTAC-CTAAGCCT_S70_L004_R1_001,,,,
FLC_R2_clones_1N.P2-D4-GCTCAGGA-ACTGCATA_S40_L005_R1_001,,,,
FLC_R2_clones_1N.P1-A12-CCTGAGAT-CTCTCTAT_S12_L004_R1_001,CGGTTAAAACTGAACGTGTTTCGTGG,1,,
FLC_R2_clones_1N.P1-B9-TGCCTCTT-TATCCTCT_S21_L004_R1_001,,,,
FLC_R2_clones_1N.P1-E2-CTAGTACG-AAGGAGTA_S50_L004_R1_001,,,,
FLC_R2_clones_1N.P1-B8-CAGCCTCG-TATCCTCT_S20_L004_R1_001,,,GTATAAACATTTTTTATACTTATTTA,2
FLC_R2_clones_1N.P1-D12-CCTGAGAT-ACTGCATA_S48_L004_R1_001,ACAAAAAGATATAACAAGCTTGAAGA,1,,
FLC_R2_clones_1N.P2-D8-CAGCCTCG-ACTGCATA_S44_L005_R1_001,,,CCCGAAAAAGTTTTTTATCTTCAATG,1
FLC_R2_clones_1N.P1-F6-CATGCCTA-CTAAGCCT_S66_L004_R1_001,,,,
FLC_R2_clones_1N.P1-H7-GTAGAGAG-TCTCTCCG_S91_L004_R1_001,,,,
FLC_R2_clones_1N.P1-E9-TGCCTCTT-AAGGAGTA_S57_L004_R1_001,,,,
FLC_R2_clones_1N.P2-G8-CAGCCTCG-CGTCTAAT_S80_L005_R1_001,ACAAAAAGATATAACAAGCTTGAAGA,2,,
FLC_R2_clones_1N.P1-B11-TCATGAGC-TATCCTCT_S23_L004_R1_001,,,,
FLC_R2_clones_1N.P2-H8-CAGCCTCG-TCTCTCCG_S92_L005_R1_001,,,,
FLC_R2_clones_1N.P2-E7-GTAGAGAG-AAGGAGTA_S55_L005_R1_001,,,,
FLC_R2_clones_1N.P2-D11-TCATGAGC-ACTGCATA_S47_L005_R1_001,,,,
FLC_R2_clones_1N.P2-D5-AGGAGTCC-ACTGCATA_S41_L005_R1_001,,,,
FLC_R2_clones_1N.P2-E6-CATGCCTA-AAGGAGTA_S54_L005_R1_001,,,,
FLC_R2_clones_1N.P2-A9-TGCCTCTT-CTCTCTAT_S9_L005_R1_001,GTCCCAACTCGGAAAACACTTCGCAG,1,,
FLC_R2_clones_1N.P1-A7-GTAGAGAG-CTCTCTAT_S7_L004_R1_001,,,,
FLC_R2_clones_1N.P2-B2-CTAGTACG-TATCCTCT_S14_L005_R1_001,,,,
FLC_R2_clones_1N.P2-G12-CCTGAGAT-CGTCTAAT_S84_L005_R1_001,,,,
FLC_R2_clones_1N.P1-C7-GTAGAGAG-GTAAGGAG_S31_L004_R1_001,,,TTTGAAAAGAATTTGTCGTTTTTGTC,1
FLC_R2_clones_1N.P2-D3-TTCTGCCT-ACTGCATA_S39_L005_R1_001,,,,
FLC_R2_clones_1N.P1-G6-CATGCCTA-CGTCTAAT_S78_L004_R1_001,,,,
FLC_R2_clones_1N.P1-G4-GCTCAGGA-CGTCTAAT_S76_L004_R1_001,,,TCCTAAACGGAATTTTTTCTTCACCT,1
FLC_R2_clones_1N.P2-C6-CATGCCTA-GTAAGGAG_S30_L005_R1_001,,,,
FLC_R2_clones_1N.P1-G5-AGGAGTCC-CGTCTAAT_S77_L004_R1_001,,,,
FLC_R2_clones_1N.P2-C8-CAGCCTCG-GTAAGGAG_S32_L005_R1_001,AACTGAAGATAGAACGGTTTTGATTG,1,,
FLC_R2_clones_1N.P2-A7-GTAGAGAG-CTCTCTAT_S7_L005_R1_001,,,,
FLC_R2_clones_1N.P1-A3-TTCTGCCT-CTCTCTAT_S3_L004_R1_001,CAATCAAGAACTAAAAGAATTAGCCC,2,,
FLC_R2_clones_1N.P2-E1-TCGCCTTA-AAGGAGTA_S49_L005_R1_001,,,TCCTAAACGGAATTTTTTCTTCACCT,1
FLC_R2_clones_1N.P2-G11-TCATGAGC-CGTCTAAT_S83_L005_R1_001,ATTAAAAAATGAAAGTCTGTTCAATG,1,,
FLC_R2_clones_1N.P1-E4-GCTCAGGA-AAGGAGTA_S52_L004_R1_001,,,,
FLC_R2_clones_1N.P2-C10-TCCTCTAC-GTAAGGAG_S34_L005_R1_001,,,,
FLC_R2_clones_1N.P2-A12-CCTGAGAT-CTCTCTAT_S12_L005_R1_001,,,,
FLC_R2_clones_1N.P2-C7-GTAGAGAG-GTAAGGAG_S31_L005_R1_001,,,,
FLC_R2_clones_1N.P1-G9-TGCCTCTT-CGTCTAAT_S81_L004_R1_001,CTGAGAAGATTAAACACCTTTAGGAT,1,,
FLC_R2_clones_1N.P1-B3-TTCTGCCT-TATCCTCT_S15_L004_R1_001,,,,
FLC_R2_clones_1N.P1-G12-CCTGAGAT-CGTCTAAT_S84_L004_R1_001,,,,
FLC_R2_clones_1N.P2-C12-CCTGAGAT-GTAAGGAG_S36_L005_R1_001,,,,
FLC_R2_clones_1N.P2-C11-TCATGAGC-GTAAGGAG_S35_L005_R1_001,,,TTTGAAAAGAATTTGTCGTTTTTGTC,1
FLC_R2_clones_1N.P2-C4-GCTCAGGA-GTAAGGAG_S28_L005_R1_001,,,,
FLC_R2_clones_1N.P2-F9-TGCCTCTT-CTAAGCCT_S69_L005_R1_001,,,,
FLC_R2_clones_1N.P1-C9-TGCCTCTT-GTAAGGAG_S33_L004_R1_001,,,,
FLC_R2_clones_1N.P1-F4-GCTCAGGA-CTAAGCCT_S64_L004_R1_001,,,,
FLC_R2_clones_1N.P1-A9-TGCCTCTT-CTCTCTAT_S9_L004_R1_001,,,,
FLC_R2_clones_1N.P1-G11-TCATGAGC-CGTCTAAT_S83_L004_R1_001,TTCCTAACCTATAAGGCCGTTGTGTG,1,,
FLC_R2_clones_1N.P1-C12-CCTGAGAT-GTAAGGAG_S36_L004_R1_001,ATACCAAAACTAAACCTGTTTTGGCC,1,,
FLC_R2_clones_1N.P2-H11-TCATGAGC-TCTCTCCG_S95_L005_R1_001,,,,
FLC_R2_clones_1N.P2-D10-TCCTCTAC-ACTGCATA_S46_L005_R1_001,,,,
FLC_R2_clones_1N.P2-G9-TGCCTCTT-CGTCTAAT_S81_L005_R1_001,,,,
FLC_R2_clones_1N.P1-B12-CCTGAGAT-TATCCTCT_S24_L004_R1_001,TCTGTAAACACAAAAGCAGTTGTCAT,1,TCCTAAACGGAATTTTTTCTTCACCT,1
FLC_R2_clones_1N.P2-B1-TCGCCTTA-TATCCTCT_S13_L005_R1_001,,,TCCTAAACGGAATTTTTTCTTCACCT,2
FLC_R2_clones_1N.P1-F1-TCGCCTTA-CTAAGCCT_S61_L004_R1_001,,,,
FLC_R2_clones_1N.P2-H9-TGCCTCTT-TCTCTCCG_S93_L005_R1_001,GTCATAATTTCGAAGGAACTTGAAAG,3,,
FLC_R2_clones_1N.P2-G7-GTAGAGAG-CGTCTAAT_S79_L005_R1_001,,,TTTGAAAAGAATTTGTCGTTTTTGTC,1
FLC_R2_clones_1N.P1-H3-TTCTGCCT-TCTCTCCG_S87_L004_R1_001,,,,
FLC_R2_clones_1N.P2-D7-GTAGAGAG-ACTGCATA_S43_L005_R1_001,,,,
FLC_R2_clones_1N.P2-H1-TCGCCTTA-TCTCTCCG_S85_L005_R1_001,,,TTTGAAAAGAATTTGTCGTTTTTGTC,1
FLC_R2_clones_1N.P2-F1-TCGCCTTA-CTAAGCCT_S61_L005_R1_001,,,,
FLC_R2_clones_1N.P2-E2-CTAGTACG-AAGGAGTA_S50_L005_R1_001,,,,
FLC_R2_clones_1N.P2-A11-TCATGAGC-CTCTCTAT_S11_L005_R1_001,,,,
FLC_R2_clones_1N.P1-A8-CAGCCTCG-CTCTCTAT_S8_L004_R1_001,,,,
FLC_R2_clones_1N.P2-G4-GCTCAGGA-CGTCTAAT_S76_L005_R1_001,,,,
FLC_R2_clones_1N.P1-C5-AGGAGTCC-GTAAGGAG_S29_L004_R1_001,,,TCCTAAACGGAATTTTTTCTTCACCT,1
FLC_R2_clones_1N.P1-C4-GCTCAGGA-GTAAGGAG_S28_L004_R1_001,,,,
FLC_R2_clones_1N.P2-F8-CAGCCTCG-CTAAGCCT_S68_L005_R1_001,,,,
FLC_R2_clones_1N.P2-C3-TTCTGCCT-GTAAGGAG_S27_L005_R1_001,,,,
FLC_R2_clones_1N.P1-H10-TCCTCTAC-TCTCTCCG_S94_L004_R1_001,ACGCCAAAATTAAATTGGGTTTAATA,1,,
FLC_R2_clones_1N.P1-D10-TCCTCTAC-ACTGCATA_S46_L004_R1_001,ATATTAAGCGGGAAATTTCTTATACT,1,,
FLC_R2_clones_1N.P1-A5-AGGAGTCC-CTCTCTAT_S5_L004_R1_001,,,,
FLC_R2_clones_1N.P2-E11-TCATGAGC-AAGGAGTA_S59_L005_R1_001,,,,
FLC_R2_clones_1N.P2-H10-TCCTCTAC-TCTCTCCG_S94_L005_R1_001,,,,
FLC_R2_clones_1N.P1-H1-TCGCCTTA-TCTCTCCG_S85_L004_R1_001,,,,
FLC_R2_clones_1N.P1-G10-TCCTCTAC-CGTCTAAT_S82_L004_R1_001,,,TCCTAAACGGAATTTTTTCTTCACCT,1
FLC_R2_clones_1N.P1-H6-CATGCCTA-TCTCTCCG_S90_L004_R1_001,,,,
FLC_R2_clones_1N.P2-F10-TCCTCTAC-CTAAGCCT_S70_L005_R1_001,,,TTTGAAAAGAATTTGTCGTTTTTGTC,3
FLC_R2_clones_1N.P1-B10-TCCTCTAC-TATCCTCT_S22_L004_R1_001,,,,
FLC_R2_clones_1N.P1-E3-TTCTGCCT-AAGGAGTA_S51_L004_R1_001,,,,
FLC_R2_clones_1N.P1-H11-TCATGAGC-TCTCTCCG_S95_L004_R1_001,,,,
FLC_R2_clones_1N.P2-D2-CTAGTACG-ACTGCATA_S38_L005_R1_001,,,TCCTAAACGGAATTTTTTCTTCACCT,1
FLC_R2_clones_1N.P2-B9-TGCCTCTT-TATCCTCT_S21_L005_R1_001,,,TCCTAAACGGAATTTTTTCTTCACCT,1
FLC_R2_clones_1N.P2-A10-TCCTCTAC-CTCTCTAT_S10_L005_R1_001,TACAAAAATTCTAACGTCCTTAGCTT,1,,
FLC_R2_clones_1N.P2-B11-TCATGAGC-TATCCTCT_S23_L005_R1_001,,,,
FLC_R2_clones_1N.P1-B6-CATGCCTA-TATCCTCT_S18_L004_R1_001,ACAAAAAGATATAACAAGCTTGAAGA,1,,
FLC_R2_clones_1N.P1-A6-CATGCCTA-CTCTCTAT_S6_L004_R1_001,,,,
FLC_R2_clones_1N.P1-D5-AGGAGTCC-ACTGCATA_S41_L004_R1_001,,,,
FLC_R2_clones_1N.P1-A10-TCCTCTAC-CTCTCTAT_S10_L004_R1_001,,,,
FLC_R2_clones_1N.P2-C5-AGGAGTCC-GTAAGGAG_S29_L005_R1_001,,,,
